density,trial,sensor_radius,success,distance_traveled,replans,optimal_cost,overhead_ratio
0.1,0,1,True,19,2,19,1.0
0.1,0,2,True,19,2,19,1.0
0.1,0,3,True,19,2,19,1.0
0.1,0,5,True,19,1,19,1.0
0.1,0,8,True,19,1,19,1.0
0.1,1,1,True,16,1,16,1.0
0.1,1,2,True,16,1,16,1.0
0.1,1,3,True,16,1,16,1.0
0.1,1,5,True,16,1,16,1.0
0.1,1,8,True,16,1,16,1.0
0.1,2,1,True,42,5,42,1.0
0.1,2,2,True,42,5,42,1.0
0.1,2,3,True,42,4,42,1.0
0.1,2,5,True,42,4,42,1.0
0.1,2,8,True,42,4,42,1.0
0.1,3,1,True,41,4,35,1.1714285714285715
0.1,3,2,True,41,4,35,1.1714285714285715
0.1,3,3,True,39,4,35,1.1142857142857143
0.1,3,5,True,39,4,35,1.1142857142857143
0.1,3,8,True,37,3,35,1.0571428571428572
0.1,4,1,True,51,7,47,1.0851063829787233
0.1,4,2,True,49,7,47,1.0425531914893618
0.1,4,3,True,49,7,47,1.0425531914893618
0.1,4,5,True,49,6,47,1.0425531914893618
0.1,4,8,True,49,6,47,1.0425531914893618
0.1,5,1,True,15,2,15,1.0
0.1,5,2,True,15,2,15,1.0
0.1,5,3,True,15,2,15,1.0
0.1,5,5,True,15,2,15,1.0
0.1,5,8,True,15,2,15,1.0
0.1,6,1,True,12,2,10,1.2
0.1,6,2,True,12,2,10,1.2
0.1,6,3,True,12,2,10,1.2
0.1,6,5,True,12,2,10,1.2
0.1,6,8,True,10,2,10,1.0
0.1,7,1,True,34,7,24,1.4166666666666667
0.1,7,2,True,30,7,24,1.25
0.1,7,3,True,28,7,24,1.1666666666666667
0.1,7,5,True,28,7,24,1.1666666666666667
0.1,7,8,True,28,7,24,1.1666666666666667
0.1,8,1,True,14,2,14,1.0
0.1,8,2,True,14,2,14,1.0
0.1,8,3,True,14,2,14,1.0
0.1,8,5,True,14,1,14,1.0
0.1,8,8,True,14,1,14,1.0
0.1,9,1,True,15,1,15,1.0
0.1,9,2,True,15,1,15,1.0
0.1,9,3,True,15,1,15,1.0
0.1,9,5,True,15,1,15,1.0
0.1,9,8,True,15,1,15,1.0
0.1,10,1,True,15,4,13,1.1538461538461537
0.1,10,2,True,15,4,13,1.1538461538461537
0.1,10,3,True,15,4,13,1.1538461538461537
0.1,10,5,True,13,3,13,1.0
0.1,10,8,True,13,1,13,1.0
0.1,11,1,True,20,3,20,1.0
0.1,11,2,True,20,3,20,1.0
0.1,11,3,True,20,3,20,1.0
0.1,11,5,True,20,3,20,1.0
0.1,11,8,True,20,3,20,1.0
0.1,12,1,True,31,3,27,1.1481481481481481
0.1,12,2,True,31,3,27,1.1481481481481481
0.1,12,3,True,31,3,27,1.1481481481481481
0.1,12,5,True,29,3,27,1.0740740740740742
0.1,12,8,True,29,3,27,1.0740740740740742
0.1,13,1,True,20,4,18,1.1111111111111112
0.1,13,2,True,20,4,18,1.1111111111111112
0.1,13,3,True,20,4,18,1.1111111111111112
0.1,13,5,True,20,3,18,1.1111111111111112
0.1,13,8,True,18,2,18,1.0
0.1,14,1,True,41,6,31,1.3225806451612903
0.1,14,2,True,39,6,31,1.2580645161290323
0.1,14,3,True,37,6,31,1.1935483870967742
0.1,14,5,True,33,6,31,1.064516129032258
0.1,14,8,True,31,6,31,1.0
0.1,15,1,True,21,2,21,1.0
0.1,15,2,True,21,2,21,1.0
0.1,15,3,True,21,2,21,1.0
0.1,15,5,True,21,2,21,1.0
0.1,15,8,True,21,1,21,1.0
0.1,16,1,True,24,6,22,1.0909090909090908
0.1,16,2,True,24,5,22,1.0909090909090908
0.1,16,3,True,24,4,22,1.0909090909090908
0.1,16,5,True,24,3,22,1.0909090909090908
0.1,16,8,True,24,2,22,1.0909090909090908
0.1,17,1,True,10,1,10,1.0
0.1,17,2,True,10,1,10,1.0
0.1,17,3,True,10,1,10,1.0
0.1,17,5,True,10,1,10,1.0
0.1,17,8,True,10,1,10,1.0
0.1,18,1,True,21,4,17,1.2352941176470589
0.1,18,2,True,21,4,17,1.2352941176470589
0.1,18,3,True,23,5,17,1.3529411764705883
0.1,18,5,True,19,5,17,1.1176470588235294
0.1,18,8,True,19,5,17,1.1176470588235294
0.1,19,1,True,22,3,22,1.0
0.1,19,2,True,22,3,22,1.0
0.1,19,3,True,22,3,22,1.0
0.1,19,5,True,22,3,22,1.0
0.1,19,8,True,22,3,22,1.0
0.1,20,1,True,20,2,20,1.0
0.1,20,2,True,20,2,20,1.0
0.1,20,3,True,20,2,20,1.0
0.1,20,5,True,20,2,20,1.0
0.1,20,8,True,20,2,20,1.0
0.1,21,1,True,10,1,10,1.0
0.1,21,2,True,10,1,10,1.0
0.1,21,3,True,10,1,10,1.0
0.1,21,5,True,10,1,10,1.0
0.1,21,8,True,10,1,10,1.0
0.1,22,1,True,37,4,33,1.121212121212121
0.1,22,2,True,35,4,33,1.0606060606060606
0.1,22,3,True,35,4,33,1.0606060606060606
0.1,22,5,True,35,4,33,1.0606060606060606
0.1,22,8,True,33,3,33,1.0
0.1,23,1,True,28,3,26,1.0769230769230769
0.1,23,2,True,28,3,26,1.0769230769230769
0.1,23,3,True,28,3,26,1.0769230769230769
0.1,23,5,True,28,2,26,1.0769230769230769
0.1,23,8,True,26,2,26,1.0
0.1,24,1,True,36,3,34,1.0588235294117647
0.1,24,2,True,36,3,34,1.0588235294117647
0.1,24,3,True,36,2,34,1.0588235294117647
0.1,24,5,True,36,2,34,1.0588235294117647
0.1,24,8,True,36,2,34,1.0588235294117647
0.2,0,1,True,35,8,29,1.206896551724138
0.2,0,2,True,35,7,29,1.206896551724138
0.2,0,3,True,31,7,29,1.0689655172413792
0.2,0,5,True,29,7,29,1.0
0.2,0,8,True,29,6,29,1.0
0.2,1,1,True,52,9,46,1.1304347826086956
0.2,1,2,True,50,9,46,1.0869565217391304
0.2,1,3,True,50,9,46,1.0869565217391304
0.2,1,5,True,48,9,46,1.0434782608695652
0.2,1,8,True,48,9,46,1.0434782608695652
0.2,2,1,True,23,4,17,1.3529411764705883
0.2,2,2,True,21,4,17,1.2352941176470589
0.2,2,3,True,19,4,17,1.1176470588235294
0.2,2,5,True,17,4,17,1.0
0.2,2,8,True,17,4,17,1.0
0.2,3,1,True,9,2,7,1.2857142857142858
0.2,3,2,True,9,2,7,1.2857142857142858
0.2,3,3,True,7,2,7,1.0
0.2,3,5,True,7,1,7,1.0
0.2,3,8,True,7,1,7,1.0
0.2,4,1,True,46,8,38,1.2105263157894737
0.2,4,2,True,42,8,38,1.105263157894737
0.2,4,3,True,42,8,38,1.105263157894737
0.2,4,5,True,40,8,38,1.0526315789473684
0.2,4,8,True,38,8,38,1.0
0.2,5,1,True,18,3,16,1.125
0.2,5,2,True,16,3,16,1.0
0.2,5,3,True,16,3,16,1.0
0.2,5,5,True,16,3,16,1.0
0.2,5,8,True,16,2,16,1.0
0.2,6,1,True,60,15,38,1.5789473684210527
0.2,6,2,True,54,15,38,1.4210526315789473
0.2,6,3,True,46,14,38,1.2105263157894737
0.2,6,5,True,46,12,38,1.2105263157894737
0.2,6,8,True,42,11,38,1.105263157894737
0.2,7,1,True,41,9,31,1.3225806451612903
0.2,7,2,True,37,9,31,1.1935483870967742
0.2,7,3,True,37,9,31,1.1935483870967742
0.2,7,5,True,35,8,31,1.1290322580645162
0.2,7,8,True,33,8,31,1.064516129032258
0.2,8,1,True,43,10,37,1.162162162162162
0.2,8,2,True,39,8,37,1.054054054054054
0.2,8,3,True,39,8,37,1.054054054054054
0.2,8,5,True,39,8,37,1.054054054054054
0.2,8,8,True,39,7,37,1.054054054054054
0.2,9,1,True,28,4,22,1.2727272727272727
0.2,9,2,True,26,4,22,1.1818181818181819
0.2,9,3,True,26,4,22,1.1818181818181819
0.2,9,5,True,24,4,22,1.0909090909090908
0.2,9,8,True,24,3,22,1.0909090909090908
0.2,10,1,True,43,5,39,1.1025641025641026
0.2,10,2,True,41,5,39,1.0512820512820513
0.2,10,3,True,41,5,39,1.0512820512820513
0.2,10,5,True,41,3,39,1.0512820512820513
0.2,10,8,True,39,3,39,1.0
0.2,11,1,True,48,8,34,1.411764705882353
0.2,11,2,True,46,8,34,1.3529411764705883
0.2,11,3,True,38,7,34,1.1176470588235294
0.2,11,5,True,36,7,34,1.0588235294117647
0.2,11,8,True,36,6,34,1.0588235294117647
0.2,12,1,True,15,3,15,1.0
0.2,12,2,True,15,3,15,1.0
0.2,12,3,True,15,3,15,1.0
0.2,12,5,True,15,3,15,1.0
0.2,12,8,True,15,2,15,1.0
0.2,13,1,True,34,6,32,1.0625
0.2,13,2,True,32,6,32,1.0
0.2,13,3,True,32,6,32,1.0
0.2,13,5,True,32,6,32,1.0
0.2,13,8,True,32,5,32,1.0
0.2,14,1,True,16,1,16,1.0
0.2,14,2,True,16,1,16,1.0
0.2,14,3,True,16,1,16,1.0
0.2,14,5,True,16,1,16,1.0
0.2,14,8,True,16,1,16,1.0
0.2,15,1,True,44,9,26,1.6923076923076923
0.2,15,2,True,38,8,26,1.4615384615384615
0.2,15,3,True,36,8,26,1.3846153846153846
0.2,15,5,True,32,5,26,1.2307692307692308
0.2,15,8,True,26,4,26,1.0
0.2,16,1,True,44,9,44,1.0
0.2,16,2,True,44,9,44,1.0
0.2,16,3,True,44,9,44,1.0
0.2,16,5,True,44,9,44,1.0
0.2,16,8,True,44,9,44,1.0
0.2,17,1,True,18,6,14,1.2857142857142858
0.2,17,2,True,18,6,14,1.2857142857142858
0.2,17,3,True,14,6,14,1.0
0.2,17,5,True,14,4,14,1.0
0.2,17,8,True,14,3,14,1.0
0.2,18,1,True,34,6,26,1.3076923076923077
0.2,18,2,True,32,5,26,1.2307692307692308
0.2,18,3,True,32,5,26,1.2307692307692308
0.2,18,5,True,26,4,26,1.0
0.2,18,8,True,26,3,26,1.0
0.2,19,1,True,22,6,20,1.1
0.2,19,2,True,20,6,20,1.0
0.2,19,3,True,20,6,20,1.0
0.2,19,5,True,20,5,20,1.0
0.2,19,8,True,20,3,20,1.0
0.2,20,1,True,30,5,14,2.142857142857143
0.2,20,2,True,22,4,14,1.5714285714285714
0.2,20,3,True,20,4,14,1.4285714285714286
0.2,20,5,True,20,4,14,1.4285714285714286
0.2,20,8,True,18,3,14,1.2857142857142858
0.2,21,1,True,45,11,37,1.2162162162162162
0.2,21,2,True,43,11,37,1.162162162162162
0.2,21,3,True,43,11,37,1.162162162162162
0.2,21,5,True,43,9,37,1.162162162162162
0.2,21,8,True,41,6,37,1.1081081081081081
0.2,22,1,True,34,5,30,1.1333333333333333
0.2,22,2,True,32,5,30,1.0666666666666667
0.2,22,3,True,32,5,30,1.0666666666666667
0.2,22,5,True,32,5,30,1.0666666666666667
0.2,22,8,True,30,4,30,1.0
0.2,23,1,True,51,7,41,1.2439024390243902
0.2,23,2,True,47,7,41,1.146341463414634
0.2,23,3,True,43,6,41,1.048780487804878
0.2,23,5,True,43,6,41,1.048780487804878
0.2,23,8,True,43,10,41,1.048780487804878
0.2,24,1,True,16,1,16,1.0
0.2,24,2,True,16,1,16,1.0
0.2,24,3,True,16,1,16,1.0
0.2,24,5,True,16,1,16,1.0
0.2,24,8,True,16,1,16,1.0
0.3,0,1,True,78,19,52,1.5
0.3,0,2,True,74,19,52,1.4230769230769231
0.3,0,3,True,60,16,52,1.1538461538461537
0.3,0,5,True,52,14,52,1.0
0.3,0,8,True,52,13,52,1.0
0.3,1,1,True,53,13,39,1.358974358974359
0.3,1,2,True,47,11,39,1.205128205128205
0.3,1,3,True,45,11,39,1.1538461538461537
0.3,1,5,True,41,11,39,1.0512820512820513
0.3,1,8,True,41,10,39,1.0512820512820513
0.3,2,1,True,136,30,44,3.090909090909091
0.3,2,2,True,114,26,44,2.590909090909091
0.3,2,3,True,44,8,44,1.0
0.3,2,5,True,44,6,44,1.0
0.3,2,8,True,44,4,44,1.0
0.3,3,1,True,20,4,14,1.4285714285714286
0.3,3,2,True,14,4,14,1.0
0.3,3,3,True,14,3,14,1.0
0.3,3,5,True,14,2,14,1.0
0.3,3,8,True,14,1,14,1.0
0.3,4,1,True,47,11,31,1.5161290322580645
0.3,4,2,True,39,10,31,1.2580645161290323
0.3,4,3,True,37,9,31,1.1935483870967742
0.3,4,5,True,37,7,31,1.1935483870967742
0.3,4,8,True,37,6,31,1.1935483870967742
0.3,5,1,True,26,6,22,1.1818181818181819
0.3,5,2,True,24,6,22,1.0909090909090908
0.3,5,3,True,24,6,22,1.0909090909090908
0.3,5,5,True,24,5,22,1.0909090909090908
0.3,5,8,True,24,4,22,1.0909090909090908
0.3,6,1,True,102,30,60,1.7
0.3,6,2,True,70,24,60,1.1666666666666667
0.3,6,3,True,66,22,60,1.1
0.3,6,5,True,62,20,60,1.0333333333333334
0.3,6,8,True,62,18,60,1.0333333333333334
0.3,7,1,True,152,36,14,10.857142857142858
0.3,7,2,True,136,34,14,9.714285714285714
0.3,7,3,True,124,29,14,8.857142857142858
0.3,7,5,True,116,25,14,8.285714285714286
0.3,7,8,True,14,2,14,1.0
0.3,8,1,True,48,13,34,1.411764705882353
0.3,8,2,True,42,12,34,1.2352941176470589
0.3,8,3,True,40,11,34,1.1764705882352942
0.3,8,5,True,36,10,34,1.0588235294117647
0.3,8,8,True,34,10,34,1.0
0.3,9,1,True,16,4,14,1.1428571428571428
0.3,9,2,True,14,3,14,1.0
0.3,9,3,True,14,3,14,1.0
0.3,9,5,True,14,3,14,1.0
0.3,9,8,True,14,1,14,1.0
0.3,10,1,True,72,19,52,1.3846153846153846
0.3,10,2,True,88,26,52,1.6923076923076923
0.3,10,3,True,78,22,52,1.5
0.3,10,5,True,68,17,52,1.3076923076923077
0.3,10,8,True,74,16,52,1.4230769230769231
0.3,11,1,True,74,21,42,1.7619047619047619
0.3,11,2,True,62,15,42,1.4761904761904763
0.3,11,3,True,56,13,42,1.3333333333333333
0.3,11,5,True,46,11,42,1.0952380952380953
0.3,11,8,True,42,10,42,1.0
0.3,12,1,True,6,1,6,1.0
0.3,12,2,True,6,1,6,1.0
0.3,12,3,True,6,1,6,1.0
0.3,12,5,True,6,1,6,1.0
0.3,12,8,True,6,1,6,1.0
0.3,13,1,True,91,24,51,1.7843137254901962
0.3,13,2,True,79,23,51,1.5490196078431373
0.3,13,3,True,75,25,51,1.4705882352941178
0.3,13,5,True,67,19,51,1.3137254901960784
0.3,13,8,True,55,18,51,1.0784313725490196
0.3,14,1,True,64,16,38,1.6842105263157894
0.3,14,2,True,54,14,38,1.4210526315789473
0.3,14,3,True,48,14,38,1.263157894736842
0.3,14,5,True,38,10,38,1.0
0.3,14,8,True,38,8,38,1.0
0.3,15,1,True,8,2,6,1.3333333333333333
0.3,15,2,True,6,2,6,1.0
0.3,15,3,True,6,1,6,1.0
0.3,15,5,True,6,1,6,1.0
0.3,15,8,True,6,1,6,1.0
0.3,16,1,True,47,14,31,1.5161290322580645
0.3,16,2,True,43,14,31,1.3870967741935485
0.3,16,3,True,39,12,31,1.2580645161290323
0.3,16,5,True,33,11,31,1.064516129032258
0.3,16,8,True,31,7,31,1.0
0.3,17,1,True,46,13,36,1.2777777777777777
0.3,17,2,True,42,12,36,1.1666666666666667
0.3,17,3,True,36,11,36,1.0
0.3,17,5,True,36,12,36,1.0
0.3,17,8,True,36,9,36,1.0
0.3,18,1,True,111,26,53,2.0943396226415096
0.3,18,2,True,133,25,53,2.509433962264151
0.3,18,3,True,119,24,53,2.2452830188679247
0.3,18,5,True,89,21,53,1.679245283018868
0.3,18,8,True,71,17,53,1.3396226415094339
0.3,19,1,True,27,6,21,1.2857142857142858
0.3,19,2,True,23,6,21,1.0952380952380953
0.3,19,3,True,21,6,21,1.0
0.3,19,5,True,21,6,21,1.0
0.3,19,8,True,21,5,21,1.0
0.3,20,1,True,19,5,17,1.1176470588235294
0.3,20,2,True,17,5,17,1.0
0.3,20,3,True,17,5,17,1.0
0.3,20,5,True,17,4,17,1.0
0.3,20,8,True,17,4,17,1.0
0.3,21,1,True,56,16,30,1.8666666666666667
0.3,21,2,True,48,12,30,1.6
0.3,21,3,True,42,11,30,1.4
0.3,21,5,True,40,9,30,1.3333333333333333
0.3,21,8,True,38,7,30,1.2666666666666666
0.3,22,1,True,123,35,49,2.510204081632653
0.3,22,2,True,103,32,49,2.1020408163265305
0.3,22,3,True,93,27,49,1.8979591836734695
0.3,22,5,True,71,24,49,1.4489795918367347
0.3,22,8,True,71,23,49,1.4489795918367347
0.3,23,1,True,26,7,26,1.0
0.3,23,2,True,26,7,26,1.0
0.3,23,3,True,26,5,26,1.0
0.3,23,5,True,26,5,26,1.0
0.3,23,8,True,26,4,26,1.0
0.3,24,1,True,22,4,22,1.0
0.3,24,2,True,22,4,22,1.0
0.3,24,3,True,22,4,22,1.0
0.3,24,5,True,22,4,22,1.0
0.3,24,8,True,22,4,22,1.0
