grid_size,density,n_agents,trial,coop_success,coop_sum_of_costs,coop_makespan,coop_runtime_ms,cbs_success,cbs_sum_of_costs,cbs_makespan,cbs_runtime_ms,cbs_ct_nodes_expanded,cbs_fail_reason
15,0.1,2,0,True,26.0,17.0,1.7711000000417698,True,26.0,17.0,1.089000000320084,1,
15,0.1,2,1,True,19.0,11.0,1.0757999998531886,True,19.0,11.0,0.4447999999683816,1,
15,0.1,2,2,True,27.0,14.0,1.0620000002745655,True,27.0,14.0,0.5523999998331419,1,
15,0.1,2,3,True,10.0,8.0,0.24669999993420788,True,10.0,8.0,0.1194999999825086,1,
15,0.1,2,4,True,17.0,10.0,0.8563999999751104,True,17.0,10.0,0.42369999982838635,1,
15,0.1,2,5,True,15.0,11.0,0.5410000003394089,True,15.0,11.0,0.3366999999343534,1,
15,0.1,2,6,True,16.0,10.0,0.6717000001117412,True,16.0,10.0,0.29259999973874073,1,
15,0.1,2,7,True,13.0,8.0,0.3621999999268155,True,13.0,8.0,0.15829999983907328,1,
15,0.1,4,0,True,27.0,12.0,0.8397000001423294,True,27.0,12.0,0.4025000002911838,1,
15,0.1,4,1,True,34.0,21.0,1.3139999996383267,True,34.0,21.0,1.4750000000276486,2,
15,0.1,4,2,True,34.0,14.0,1.3705000001209555,True,34.0,14.0,0.7067999999890162,1,
15,0.1,4,3,True,38.0,18.0,1.4209999999366119,True,38.0,18.0,0.831900000321184,1,
15,0.1,4,4,True,34.0,15.0,1.2361000003693334,True,34.0,15.0,0.589499999932741,1,
15,0.1,4,5,True,53.0,21.0,2.5895000003401947,True,53.0,21.0,3.401500000109081,3,
15,0.1,4,6,True,46.0,19.0,1.9016999999621476,True,46.0,19.0,2.473200000167708,5,
15,0.1,4,7,True,45.0,14.0,1.7956000001504435,True,45.0,14.0,1.1322000000291155,2,
15,0.1,6,0,True,64.0,15.0,2.2573999999622174,True,64.0,15.0,1.193500000226777,1,
15,0.1,6,1,True,58.0,13.0,2.5172000000566186,True,58.0,13.0,7.161700000324345,10,
15,0.1,6,2,True,50.0,16.0,2.027600000019447,True,50.0,16.0,2.1489000000656233,5,
15,0.1,6,3,True,79.0,25.0,3.112500000042928,True,79.0,25.0,2.2733000000698667,1,
15,0.1,6,4,True,53.0,11.0,1.6212000000450644,True,53.0,11.0,0.9224999998878047,1,
15,0.1,6,5,True,54.0,14.0,1.914299999953073,True,54.0,14.0,0.9098000000449247,1,
15,0.1,6,6,True,60.0,17.0,2.3077000000739645,True,60.0,17.0,2.0810000000892614,3,
15,0.1,6,7,True,74.0,21.0,5.787900000086665,True,74.0,21.0,7.654400000319583,2,
15,0.1,8,0,True,95.0,22.0,4.368999999769585,True,95.0,22.0,8.095700000012584,18,
15,0.1,8,1,True,80.0,16.0,3.029599999990751,True,80.0,16.0,1.6865999996298342,1,
15,0.1,8,2,True,79.0,15.0,3.143700000237004,True,79.0,15.0,2.108599999701255,2,
15,0.1,8,3,True,72.0,15.0,2.4339000001418754,True,72.0,15.0,6.050099999811209,10,
15,0.1,8,4,True,89.0,19.0,3.544099999999162,True,89.0,19.0,10.47950000020137,19,
15,0.1,8,5,True,75.0,17.0,3.031600000213075,True,75.0,17.0,3.0746000002181972,4,
15,0.1,8,6,True,83.0,17.0,3.20160000001124,True,83.0,17.0,2.772800000002462,2,
15,0.1,8,7,True,95.0,22.0,3.577599999971426,True,95.0,22.0,3.1344000003628025,2,
15,0.1,10,0,True,116.0,23.0,5.111299999953189,True,116.0,23.0,45.5047000000377,60,
15,0.1,10,1,True,86.0,14.0,3.5474000001158856,True,84.0,14.0,1.8666999999368272,2,
15,0.1,10,2,True,79.0,19.0,3.62859999995635,True,79.0,19.0,3.2447999997202714,2,
15,0.1,10,3,True,104.0,16.0,4.050600000027771,True,104.0,16.0,3.718399999797839,5,
15,0.1,10,4,True,90.0,16.0,3.026800000043295,True,90.0,16.0,3.536400000029971,8,
15,0.1,10,5,True,100.0,23.0,6.845100000191451,True,100.0,23.0,24.557800000366115,20,
15,0.1,10,6,True,100.0,20.0,3.6278000002312183,True,100.0,20.0,2.8333999998721993,2,
15,0.1,10,7,True,91.0,16.0,3.5477999999784515,True,91.0,16.0,2.0209999997859995,1,
15,0.1,12,0,True,99.0,20.0,3.495299999940471,True,99.0,20.0,53.16029999994498,62,
15,0.1,12,1,True,136.0,22.0,6.503399999928661,True,136.0,22.0,153.77910000006523,288,
15,0.1,12,2,True,117.0,18.0,4.451999999673717,True,117.0,18.0,6.375500000103784,5,
15,0.1,12,3,True,124.0,16.0,6.138799999916955,True,124.0,16.0,6.76480000038282,10,
15,0.1,12,4,True,117.0,19.0,5.317400000421912,True,117.0,19.0,9.633799999846815,12,
15,0.1,12,5,True,117.0,21.0,4.761799999869254,True,117.0,21.0,47.72480000019641,55,
15,0.1,12,6,True,141.0,20.0,8.425699999861536,False,,,1301.758499999778,1500,budget_exceeded
15,0.1,12,7,True,146.0,20.0,6.060600000182603,True,145.0,20.0,40.67269999995915,57,
15,0.2,2,0,True,15.0,12.0,0.5833000000166066,True,15.0,12.0,0.2911000001404318,1,
15,0.2,2,1,True,26.0,15.0,1.052099999924394,True,26.0,15.0,0.6048999998711224,1,
15,0.2,2,2,True,18.0,14.0,1.0253000000375323,True,18.0,14.0,0.4470000003493624,1,
15,0.2,2,3,True,29.0,16.0,1.237299999957031,True,29.0,16.0,0.7941999997456151,1,
15,0.2,2,4,True,24.0,13.0,0.944800000070245,True,24.0,13.0,0.5774000001110835,1,
15,0.2,2,5,True,19.0,13.0,0.5760999997619365,True,19.0,13.0,0.2650999999787018,1,
15,0.2,2,6,True,17.0,11.0,0.44239999988349155,True,17.0,11.0,0.18040000031760428,1,
15,0.2,2,7,True,23.0,12.0,0.8192000000235566,True,23.0,12.0,0.423799999680341,1,
15,0.2,4,0,True,47.0,13.0,1.6790999998193001,True,47.0,13.0,0.8545000000594882,1,
15,0.2,4,1,True,64.0,25.0,2.647100000103819,True,64.0,25.0,1.7742999998517917,1,
15,0.2,4,2,True,62.0,21.0,2.7123999998366344,True,61.0,19.0,18.692899999678048,23,
15,0.2,4,3,True,40.0,13.0,1.3448999998217914,True,40.0,13.0,8.599900000263005,17,
15,0.2,4,4,True,48.0,22.0,1.5505000001212466,True,48.0,22.0,0.8887999997568841,1,
15,0.2,4,5,True,55.0,18.0,2.134599999862985,True,55.0,18.0,1.205399999889778,1,
15,0.2,4,6,True,44.0,20.0,3.243299999667215,True,44.0,20.0,2.2085999999035266,1,
15,0.2,4,7,True,47.0,18.0,2.185299999837298,True,47.0,18.0,1.7659999998613785,2,
15,0.2,6,0,True,57.0,19.0,3.171000000293134,True,57.0,19.0,6.198999999924126,3,
15,0.2,6,1,True,85.0,22.0,5.272400000194466,True,85.0,22.0,6.779899999855843,2,
15,0.2,6,2,True,64.0,25.0,2.3108999998839863,True,63.0,25.0,3.972800000155985,6,
15,0.2,6,3,True,58.0,15.0,2.4183000000448374,True,58.0,15.0,5.441199999950186,8,
15,0.2,6,4,True,59.0,14.0,2.080699999623903,True,59.0,14.0,1.5227000003505964,2,
15,0.2,6,5,True,60.0,25.0,2.0372000003590074,True,60.0,25.0,1.6458999998576473,2,
15,0.2,6,6,True,46.0,15.0,1.6272000002572895,True,46.0,15.0,1.4413000003514753,2,
15,0.2,6,7,True,61.0,14.0,2.45519999998578,True,61.0,14.0,2.0648999998229556,2,
15,0.2,8,0,True,79.0,16.0,2.6562000002741115,True,79.0,16.0,2.917900000284135,5,
15,0.2,8,1,True,105.0,19.0,4.671000000143977,True,105.0,19.0,2.5668000002951885,1,
15,0.2,8,2,True,126.0,26.0,7.269799999903626,True,126.0,26.0,509.39080000034664,296,
15,0.2,8,3,True,105.0,21.0,3.828700000212848,True,105.0,21.0,3.1783000003997586,3,
15,0.2,8,4,True,56.0,13.0,2.2973000000092725,True,56.0,13.0,2.456400000028225,5,
15,0.2,8,5,True,92.0,18.0,3.3648000003267953,True,91.0,18.0,2.452400000038324,2,
15,0.2,8,6,True,87.0,19.0,3.140499999972235,True,87.0,19.0,163.30939999988914,180,
15,0.2,8,7,False,,,46.05790000005072,False,,,48.827199999777804,2,exhausted
15,0.2,10,0,True,148.0,26.0,9.348099999897386,True,148.0,26.0,132.37619999972594,61,
15,0.2,10,1,True,138.0,20.0,5.981400000109716,True,136.0,20.0,78.18859999997585,74,
15,0.2,10,2,True,102.0,22.0,7.515199999943434,True,102.0,22.0,7.187700000031327,3,
15,0.2,10,3,True,131.0,22.0,7.608899999922869,True,129.0,22.0,19.437200000083976,20,
15,0.2,10,4,True,119.0,19.0,5.71910000007847,True,119.0,19.0,11.95689999985916,17,
15,0.2,10,5,True,118.0,20.0,5.601299999852927,True,116.0,20.0,11.890999999650376,9,
15,0.2,10,6,True,130.0,23.0,9.659499999997934,True,130.0,23.0,1552.9690999997001,818,
15,0.2,10,7,True,93.0,19.0,3.8840000001982844,True,93.0,19.0,6.9307000003391295,7,
15,0.2,12,0,True,123.0,19.0,4.140900000038528,True,121.0,19.0,9.19900000008056,12,
15,0.2,12,1,True,162.0,22.0,6.800200000270706,True,162.0,22.0,65.90380000034202,65,
15,0.2,12,2,True,134.0,19.0,5.175100000087696,True,129.0,18.0,130.58760000012626,171,
15,0.2,12,3,True,173.0,25.0,12.449099999685131,False,,,3000.1968999999917,1431,budget_exceeded
15,0.2,12,4,True,149.0,22.0,6.083100000068953,False,,,950.6814999999733,1500,budget_exceeded
15,0.2,12,5,True,120.0,18.0,4.712199999630684,True,119.0,18.0,9.743900000103167,14,
15,0.2,12,6,True,128.0,18.0,5.270699999982753,True,128.0,18.0,16.073799999958283,13,
15,0.2,12,7,True,149.0,21.0,6.744499999967957,True,147.0,21.0,7.364600000073551,4,
20,0.1,2,0,True,21.0,14.0,0.7590000000163855,True,21.0,14.0,0.3424999999879219,1,
20,0.1,2,1,True,17.0,9.0,0.5807000002278073,True,17.0,9.0,0.2199000000473461,1,
20,0.1,2,2,True,51.0,27.0,2.9669999998986896,True,51.0,27.0,1.714800000172545,1,
20,0.1,2,3,True,21.0,14.0,0.8594999999331776,True,21.0,14.0,0.7533000002695189,2,
20,0.1,2,4,True,17.0,10.0,0.6536000000778586,True,17.0,10.0,0.21599999990939978,1,
20,0.1,2,5,True,39.0,21.0,2.1523999998862564,True,39.0,21.0,1.1933000000681204,1,
20,0.1,2,6,True,46.0,26.0,2.809999999954016,True,46.0,26.0,4.71079999988433,2,
20,0.1,2,7,True,20.0,15.0,0.9347000000161643,True,20.0,15.0,0.47889999996186816,1,
20,0.1,4,0,True,27.0,9.0,0.814999999874999,True,27.0,9.0,0.3652000000329281,1,
20,0.1,4,1,True,48.0,19.0,2.1967000002405257,True,48.0,19.0,0.9620000000722939,1,
20,0.1,4,2,True,48.0,19.0,2.5752000001375563,True,48.0,19.0,1.515200000085315,2,
20,0.1,4,3,True,93.0,28.0,5.606499999885273,True,93.0,28.0,3.4875999999712803,1,
20,0.1,4,4,True,42.0,15.0,1.660500000070897,True,42.0,15.0,0.8963000000221655,2,
20,0.1,4,5,True,53.0,24.0,2.874199999951088,True,53.0,24.0,1.8909000000348897,2,
20,0.1,4,6,True,42.0,14.0,2.023800000188203,True,42.0,14.0,1.1021999998774845,1,
20,0.1,4,7,True,41.0,18.0,2.772800000002462,True,41.0,18.0,4.18149999995876,2,
20,0.1,6,0,True,80.0,34.0,5.113900000196736,True,80.0,34.0,6.678600000213919,3,
20,0.1,6,1,True,94.0,22.0,4.4733999998243235,True,94.0,22.0,1.9227000002501882,1,
20,0.1,6,2,True,121.0,27.0,8.067600000231323,True,121.0,27.0,10.758099999748083,7,
20,0.1,6,3,True,90.0,26.0,4.849599999943166,True,90.0,26.0,3.4848000000238244,3,
20,0.1,6,4,True,81.0,22.0,4.9682999997457955,True,81.0,22.0,3.926299999875482,3,
20,0.1,6,5,True,74.0,21.0,4.745000000184518,True,74.0,21.0,4.675000000133878,2,
20,0.1,6,6,True,60.0,15.0,2.878700000110257,True,60.0,15.0,1.3656000000992208,1,
20,0.1,6,7,True,61.0,24.0,3.1232000001182314,True,61.0,24.0,3.4518000002208282,4,
20,0.1,8,0,True,95.0,20.0,4.656000000068161,True,95.0,20.0,3.7659999998140847,3,
20,0.1,8,1,True,93.0,26.0,5.205800000112504,True,93.0,26.0,2.7213999997002247,1,
20,0.1,8,2,True,134.0,26.0,7.461400000011054,True,134.0,26.0,5.863599999884173,3,
20,0.1,8,3,True,110.0,24.0,6.117299999914394,True,110.0,24.0,3.9684999997007253,2,
20,0.1,8,4,True,97.0,19.0,4.667499999868596,True,97.0,19.0,4.052400000091438,3,
20,0.1,8,5,True,107.0,21.0,6.209300000136864,True,107.0,21.0,3.620199999659235,1,
20,0.1,8,6,True,128.0,34.0,7.20580000006521,True,128.0,34.0,7.441799999924115,3,
20,0.1,8,7,True,116.0,21.0,6.634899999880872,True,116.0,21.0,5.172200000288285,4,
20,0.1,10,0,True,163.0,21.0,8.748800000375923,True,163.0,21.0,6.89059999967867,4,
20,0.1,10,1,True,147.0,29.0,7.690100000218081,True,147.0,29.0,6.573199999820645,3,
20,0.1,10,2,True,136.0,25.0,6.566600000041944,True,136.0,25.0,4.439199999978882,4,
20,0.1,10,3,True,146.0,24.0,8.102500000404689,True,146.0,24.0,33.183500000177446,23,
20,0.1,10,4,True,133.0,25.0,7.771300000058545,True,133.0,25.0,3.888899999765272,1,
20,0.1,10,5,True,140.0,22.0,8.874999999989086,True,140.0,22.0,13.207599999986996,13,
20,0.1,10,6,True,113.0,24.0,6.233399999928224,True,113.0,24.0,5.671700000220881,4,
20,0.1,10,7,True,165.0,26.0,9.140199999819743,True,165.0,26.0,9.298800000124174,4,
20,0.1,12,0,True,157.0,28.0,8.367499999621941,True,157.0,28.0,4.210900000089168,1,
20,0.1,12,1,True,133.0,17.0,6.800199999815959,True,133.0,17.0,5.085799999960727,6,
20,0.1,12,2,True,146.0,22.0,8.2431999999244,True,146.0,22.0,4.942000000028202,2,
20,0.1,12,3,True,160.0,21.0,9.77950000014971,True,159.0,21.0,53.00530000022263,39,
20,0.1,12,4,True,184.0,27.0,9.630300000026182,True,184.0,27.0,15.590999999858468,5,
20,0.1,12,5,True,126.0,23.0,6.151300000055926,True,126.0,23.0,10.336000000279455,13,
20,0.1,12,6,True,169.0,29.0,9.807999999793537,True,169.0,29.0,11.35260000000926,6,
20,0.1,12,7,True,192.0,31.0,10.424000000057276,True,192.0,31.0,17.557200000283046,10,
20,0.2,2,0,True,21.0,11.0,0.6817999997110746,True,21.0,11.0,0.34899999991466757,1,
20,0.2,2,1,True,31.0,17.0,1.0310000002391462,True,31.0,17.0,0.352399999883346,1,
20,0.2,2,2,True,26.0,17.0,0.8262999999715248,True,26.0,17.0,0.42889999986073235,1,
20,0.2,2,3,True,27.0,21.0,0.964299999850482,True,27.0,21.0,0.5126000000927888,1,
20,0.2,2,4,True,17.0,13.0,0.769899999795598,True,17.0,13.0,0.36339999996926053,1,
20,0.2,2,5,True,22.0,16.0,0.9846000002653454,True,22.0,16.0,0.5135000001246226,1,
20,0.2,2,6,True,39.0,21.0,3.1843000001572364,True,38.0,19.0,5.462399999942136,3,
20,0.2,2,7,True,28.0,20.0,1.6924999999901047,True,28.0,20.0,1.1764999999286374,1,
20,0.2,4,0,True,74.0,23.0,2.6062000001729757,True,74.0,23.0,1.2121999998271349,1,
20,0.2,4,1,True,57.0,22.0,2.486599999883765,True,57.0,22.0,2.572500000042055,1,
20,0.2,4,2,True,78.0,30.0,5.82429999985834,True,78.0,30.0,6.129999999757274,1,
20,0.2,4,3,False,,,154.14099999998143,False,,,120.93319999985397,1,exhausted
20,0.2,4,4,True,52.0,20.0,2.9863000004297646,True,49.0,17.0,3.577899999982037,4,
20,0.2,4,5,True,78.0,24.0,5.496599999787577,True,78.0,24.0,6.189100000028702,2,
20,0.2,4,6,True,30.0,15.0,1.4186000003064692,True,30.0,15.0,0.8084000000962988,1,
20,0.2,4,7,True,48.0,20.0,1.874000000043452,True,48.0,20.0,0.9716000004118541,1,
20,0.2,6,0,True,106.0,23.0,7.26459999987128,True,106.0,23.0,30.147200000101293,15,
20,0.2,6,1,True,70.0,14.0,3.0700000002070738,True,70.0,14.0,1.7763000000741158,2,
20,0.2,6,2,True,86.0,16.0,3.9836999999351974,True,86.0,17.0,16.888399999970716,14,
20,0.2,6,3,True,119.0,26.0,6.536200000027748,True,119.0,26.0,5.196299999624898,2,
20,0.2,6,4,True,99.0,20.0,5.505400000402005,True,99.0,20.0,4.081800000221847,2,
20,0.2,6,5,True,85.0,22.0,3.650300000117568,True,85.0,22.0,2.3518999996667844,1,
20,0.2,6,6,True,130.0,27.0,6.535200000143959,True,128.0,26.0,44.162300000152754,40,
20,0.2,6,7,True,111.0,25.0,5.273100000067643,True,109.0,25.0,3.103500000179338,2,
20,0.2,8,0,True,114.0,28.0,5.452800000057323,True,114.0,28.0,5.7695000000421715,2,
20,0.2,8,1,True,122.0,27.0,7.637000000158878,True,119.0,27.0,29.649499999777618,20,
20,0.2,8,2,True,135.0,28.0,12.764099999913014,True,135.0,28.0,19.14920000035636,4,
20,0.2,8,3,True,114.0,27.0,5.195400000047812,True,114.0,27.0,5.483500000082131,3,
20,0.2,8,4,True,138.0,34.0,6.92990000015925,True,138.0,34.0,4.491300000154297,1,
20,0.2,8,5,True,145.0,32.0,12.039000000186206,True,145.0,32.0,127.26989999964644,24,
20,0.2,8,6,True,97.0,26.0,4.941099999996368,True,97.0,26.0,6.365100000039092,6,
20,0.2,8,7,True,86.0,18.0,3.8583999998991203,True,86.0,18.0,2.1780000001854205,1,
20,0.2,10,0,True,165.0,34.0,10.117299999819807,True,165.0,34.0,16.094900000098278,7,
20,0.2,10,1,True,160.0,24.0,7.548399999905087,True,160.0,24.0,4.839499999889085,2,
20,0.2,10,2,True,143.0,26.0,7.660000000214495,True,141.0,26.0,6.248499999855994,5,
20,0.2,10,3,True,134.0,19.0,6.06870000001436,True,134.0,19.0,3.6278000002312183,1,
20,0.2,10,4,True,177.0,26.0,8.735899999919639,True,177.0,26.0,19.390800000110175,15,
20,0.2,10,5,True,144.0,27.0,6.591699999717093,True,139.0,25.0,9.86060000013822,8,
20,0.2,10,6,True,177.0,27.0,11.34360000014567,True,176.0,27.0,106.54919999979029,78,
20,0.2,10,7,True,150.0,23.0,6.510100000014063,True,148.0,23.0,3.706100000272272,2,
20,0.2,12,0,True,209.0,27.0,12.988099999802216,False,,,3001.3896999998906,1272,budget_exceeded
20,0.2,12,1,True,171.0,25.0,7.910400000127993,True,170.0,24.0,48.765800000182935,71,
20,0.2,12,2,True,159.0,23.0,8.302599999751692,True,157.0,23.0,389.3207999999504,318,
20,0.2,12,3,True,150.0,24.0,12.79900000008638,True,150.0,24.0,57.559500000024855,15,
20,0.2,12,4,True,145.0,19.0,5.683999999746447,True,144.0,19.0,3.2542999997531297,2,
20,0.2,12,5,True,170.0,24.0,8.56179999982487,True,167.0,23.0,12.042899999869405,6,
20,0.2,12,6,True,192.0,27.0,7.739099999980681,False,,,1964.1707000000679,1500,budget_exceeded
20,0.2,12,7,True,191.0,28.0,12.523999999757507,True,191.0,28.0,146.59220000021378,33,
