grid_size,density,n_agents,trial,naive_vertex_collisions,naive_edge_collisions,naive_collision_free,naive_sum_of_costs,naive_runtime_ms,coop_success,coop_sum_of_costs,coop_runtime_ms
20,0.1,2,0,0,0,True,33,0.3376999998181418,True,33,2.5648000000728643
20,0.1,2,1,0,0,True,26,0.33579999990251963,True,26,2.497399999811023
20,0.1,2,2,0,0,True,35,0.3393000001779001,True,35,2.0908999999846856
20,0.1,2,3,0,0,True,24,0.3303000003143097,True,24,1.5109000000848027
20,0.1,2,4,0,0,True,30,0.18769999996948172,True,30,1.8292999998266168
20,0.1,2,5,0,0,True,16,0.1741000000947679,True,16,0.9328000001005421
20,0.1,2,6,0,0,True,12,0.12059999971825164,True,12,0.6244999999580614
20,0.1,2,7,0,0,True,29,0.33710000025166664,True,29,2.2498000002997287
20,0.1,2,8,1,0,False,17,0.19589999965319294,True,17,0.777499999912834
20,0.1,2,9,0,0,True,33,0.2594999996290426,True,33,1.9298000001981563
20,0.1,4,0,0,0,True,56,0.39640000022700406,True,56,3.4808000000339234
20,0.1,4,1,1,0,False,75,0.575600000047416,True,75,4.450799999631272
20,0.1,4,2,0,0,True,30,0.220299999909912,True,30,1.4627000000473345
20,0.1,4,3,0,1,False,54,0.413499999922351,True,54,2.7709999999387946
20,0.1,4,4,0,0,True,77,0.6276999997680832,True,77,4.660200000216719
20,0.1,4,5,0,0,True,61,0.40859999990061624,True,61,3.108599999904982
20,0.1,4,6,0,2,False,53,0.36129999989498174,True,53,2.5095999999393825
20,0.1,4,7,0,0,True,60,0.4969000001437962,True,60,3.937599999972008
20,0.1,4,8,0,0,True,46,0.45589999990625074,True,46,3.1390999997711333
20,0.1,4,9,0,0,True,48,0.3424000001359673,True,48,2.873899999940477
20,0.1,6,0,0,0,True,82,0.8323000001837499,True,82,6.368599999859725
20,0.1,6,1,1,1,False,79,0.5186999997022212,True,79,4.474399999708112
20,0.1,6,2,0,0,True,77,0.5206999999245454,True,77,3.845400000045629
20,0.1,6,3,0,0,True,107,0.6304999997155392,True,107,5.827500000123109
20,0.1,6,4,0,1,False,74,0.4944000002069515,True,74,3.2504000000699307
20,0.1,6,5,0,0,True,99,0.6668999999419611,True,99,5.814599999666825
20,0.1,6,6,0,1,False,68,0.4229999999552092,True,68,3.082700000049954
20,0.1,6,7,5,1,False,98,0.9120999998231127,True,101,5.9350999999878695
20,0.1,6,8,0,0,True,76,0.4914999999527936,True,76,4.001899999821035
20,0.1,6,9,1,0,False,78,0.49009999975169194,True,78,3.8559999998142303
20,0.1,8,0,1,0,False,146,1.228899999659916,True,146,7.916500000192173
20,0.1,8,1,0,0,True,132,1.1016000003110094,True,132,6.8825999996988685
20,0.1,8,2,1,1,False,108,0.7428999997500796,True,108,6.59799999993993
20,0.1,8,3,1,2,False,121,2.222399999936897,True,123,7.95940000034534
20,0.1,8,4,3,0,False,84,1.414199999999255,True,85,4.4280000001890585
20,0.1,8,5,1,0,False,85,0.5512000002454442,True,86,4.254200000104902
20,0.1,8,6,1,0,False,119,0.9411000000909553,True,119,6.7644999999174615
20,0.1,8,7,1,0,False,116,0.69199999961711,True,116,7.559600000149658
20,0.1,8,8,2,0,False,112,0.6655000001956068,True,113,5.496800000400981
20,0.1,8,9,1,0,False,106,0.7178000000749307,True,110,6.506499999886728
20,0.1,10,0,3,0,False,127,0.9193999999297375,True,128,7.8752999997959705
20,0.1,10,1,1,0,False,143,1.043400000071415,True,143,8.228000000144675
20,0.1,10,2,4,3,False,122,1.0972999998557498,True,124,8.089800000107061
20,0.1,10,3,2,0,False,166,1.173799999833136,True,166,9.765499999957683
20,0.1,10,4,1,0,False,121,0.7507999998779269,True,121,5.983899999591813
20,0.1,10,5,2,0,False,118,0.7268999997904757,True,118,5.486000000018976
20,0.1,10,6,4,0,False,159,9.041499999966618,True,159,9.200399999826914
20,0.1,10,7,3,1,False,157,1.528500000404165,True,158,11.048500000015338
20,0.1,10,8,1,0,False,135,1.6023999996832572,True,137,13.031800000135263
20,0.1,10,9,4,1,False,90,0.9513999998489453,True,94,6.721499999912339
20,0.2,2,0,0,0,True,13,0.1575000001139415,True,13,0.8711999998922693
20,0.2,2,1,0,0,True,10,0.10650000012901728,True,10,0.6407000000763219
20,0.2,2,2,0,0,True,15,0.15839999969102792,True,15,0.7959000004120753
20,0.2,2,3,0,0,True,38,0.45860000000175205,True,38,2.730600000177219
20,0.2,2,4,0,0,True,33,0.3894000001309905,True,33,2.406799999789655
20,0.2,2,5,0,0,True,28,0.30569999989893404,True,28,1.0825000003933383
20,0.2,2,6,0,0,True,38,0.3812999998444866,True,38,2.3882000000412518
20,0.2,2,7,0,0,True,40,0.3990000000158034,True,40,3.1445999998140906
20,0.2,2,8,0,0,True,30,0.25359999972351943,True,30,1.767900000231748
20,0.2,2,9,0,0,True,40,0.5596000000878121,True,40,4.899200000181736
20,0.2,4,0,0,0,True,51,0.5627000000458793,True,51,2.7763000002778426
20,0.2,4,1,0,0,True,39,0.3776999997171515,True,39,2.1174999997128907
20,0.2,4,2,0,0,True,57,0.5252000000837143,True,57,3.4042999996017898
20,0.2,4,3,0,0,True,44,0.4577999998218729,True,44,2.7435000001787557
20,0.2,4,4,0,0,True,43,0.4050999996252358,True,43,2.051700000265555
20,0.2,4,5,0,0,True,73,0.6918000003679481,True,73,3.8399000000026717
20,0.2,4,6,0,0,True,75,0.9162999999716703,True,75,7.019199999831471
20,0.2,4,7,0,0,True,53,0.8332000002155837,True,53,6.30460000002131
20,0.2,4,8,0,0,True,64,0.4401000001053035,True,64,3.8421000003836525
20,0.2,4,9,1,0,False,59,0.880200000210607,True,59,3.203600000233564
20,0.2,6,0,0,1,False,65,0.5552999996325525,True,65,3.002399999786576
20,0.2,6,1,0,0,True,69,0.5123999999341322,True,69,3.547899999830406
20,0.2,6,2,1,0,False,71,0.502899999901274,True,71,3.3674000001155946
20,0.2,6,3,0,0,True,51,0.3431000000091444,True,51,1.737099999900238
20,0.2,6,4,2,1,False,101,0.986300000022311,True,101,8.2379000000401
20,0.2,6,5,0,0,True,82,0.5255999999462801,True,82,3.1824999996388215
20,0.2,6,6,0,0,True,80,0.5514999998013081,True,80,4.996099999971193
20,0.2,6,7,1,0,False,82,0.9823999998843647,True,82,6.134799999927054
20,0.2,6,8,0,0,True,44,0.3082000002905261,True,44,1.4684000002489483
20,0.2,6,9,0,0,True,75,0.5071000000498316,True,75,2.686599999833561
20,0.2,8,0,1,0,False,113,0.7067999999890162,True,113,5.629600000247592
20,0.2,8,1,4,2,False,120,0.8523000001332548,True,125,6.476600000041799
20,0.2,8,2,3,0,False,163,1.413800000136689,True,165,15.197299999726965
20,0.2,8,3,1,1,False,81,0.5556000000979111,True,81,4.495800000313466
20,0.2,8,4,3,0,False,108,1.0038999998869258,True,112,7.948499999656633
20,0.2,8,5,2,0,False,138,0.960299999860581,True,138,5.914099999699829
20,0.2,8,6,1,1,False,100,0.6432999998651212,True,100,4.111899999770685
20,0.2,8,7,10,1,False,133,0.8989000002657122,True,135,6.497100000160572
20,0.2,8,8,1,0,False,95,0.78269999994518,True,97,4.863300000124582
20,0.2,8,9,0,0,True,129,0.9324000002379762,True,129,7.10590000016964
20,0.2,10,0,1,3,False,136,1.3251000000309432,True,138,7.028200000149809
20,0.2,10,1,1,0,False,104,0.6121999999777472,True,105,4.339499999787222
20,0.2,10,2,2,0,False,115,1.0431999999127584,True,115,5.768600000010338
20,0.2,10,3,1,0,False,138,1.2950000000273576,True,138,7.3763999998845975
20,0.2,10,4,3,1,False,164,1.1604999999690335,True,172,10.365500000261818
20,0.2,10,5,8,1,False,153,1.1787999997068255,True,157,9.438600000066799
20,0.2,10,6,3,0,False,178,1.5338999996856728,True,178,9.213899999849673
20,0.2,10,7,2,0,False,127,0.8892999999261519,True,127,6.84480000018084
20,0.2,10,8,4,2,False,163,1.262499999938882,True,173,9.353599999940343
20,0.2,10,9,2,1,False,157,1.0748999998213549,True,158,6.690100000014354
30,0.1,2,0,0,0,True,34,0.3299999998489511,True,34,2.3342000004049623
30,0.1,2,1,0,0,True,66,0.4490000001169392,True,66,5.703999999695952
30,0.1,2,2,0,0,True,29,0.1824000000851811,True,29,1.907500000015716
30,0.1,2,3,0,0,True,33,0.28019999990647193,True,33,2.2110999998403713
30,0.1,2,4,0,0,True,40,0.38059999997130944,True,40,2.7822000001833658
30,0.1,2,5,1,0,False,35,0.23699999974269303,True,35,2.1591999998236133
30,0.1,2,6,0,0,True,35,0.2023000001827313,True,35,2.745700000104989
30,0.1,2,7,0,0,True,14,0.08709999974598759,True,14,0.4279999998288986
30,0.1,2,8,0,0,True,42,0.26330000036978163,True,42,2.878300000247691
30,0.1,2,9,0,0,True,47,0.2739000001383829,True,47,3.853700000036042
30,0.1,4,0,0,0,True,94,0.6847999998171872,True,94,7.436700000198471
30,0.1,4,1,0,0,True,101,0.6217000000106054,True,101,7.389800000055402
30,0.1,4,2,0,0,True,60,0.4484999999476713,True,60,4.590400000324735
30,0.1,4,3,0,0,True,64,0.449799999842071,True,64,4.572499999994761
30,0.1,4,4,0,0,True,75,0.4571999998006504,True,75,4.778500000156782
30,0.1,4,5,0,0,True,105,0.5998000001454784,True,105,8.912600000257953
30,0.1,4,6,0,0,True,111,0.9469000001445238,True,111,25.69949999997334
30,0.1,4,7,0,0,True,89,0.6965000002310262,True,89,6.45280000026105
30,0.1,4,8,1,0,False,107,0.662200000078883,True,107,8.669999999710853
30,0.1,4,9,1,0,False,100,0.6911999998919782,True,100,10.196300000188785
30,0.1,6,0,0,0,True,122,0.992700000097102,True,122,9.514399999716261
30,0.1,6,1,0,0,True,131,0.7905000002210727,True,131,9.431599999970786
30,0.1,6,2,0,0,True,94,0.5514999998013081,True,94,5.78929999983302
30,0.1,6,3,1,0,False,176,1.2443000000530446,True,176,15.315999999984342
30,0.1,6,4,0,0,True,116,0.7572999998046726,True,116,8.254899999883492
30,0.1,6,5,0,0,True,110,0.7433000000673928,True,110,8.311999999932596
30,0.1,6,6,0,0,True,88,0.5702000003111607,True,88,5.2872999999635795
30,0.1,6,7,2,1,False,141,0.9797000002436107,True,141,11.577400000078342
30,0.1,6,8,0,0,True,162,1.3288999998621875,True,162,13.486499999999069
30,0.1,6,9,0,0,True,55,0.36999999974796083,True,55,2.7265000003353634
30,0.1,8,0,0,0,True,182,1.5941000001475913,True,182,15.618800000083866
30,0.1,8,1,1,0,False,135,0.9270000000469736,True,135,7.9878999999891676
30,0.1,8,2,1,0,False,135,1.0153000002901535,True,135,8.936599999742612
30,0.1,8,3,3,0,False,164,1.0542999998506275,True,164,12.545399999908113
30,0.1,8,4,0,0,True,95,0.5696000002899382,True,95,4.851899999721354
30,0.1,8,5,0,0,True,157,1.1335999997754698,True,157,12.08100000030754
30,0.1,8,6,0,1,False,166,2.0924999998896965,True,166,16.445799999928568
30,0.1,8,7,1,0,False,200,1.6120000000228174,True,200,15.529199999946286
30,0.1,8,8,2,0,False,167,1.2349999997240957,True,167,12.771600000178296
30,0.1,8,9,0,0,True,98,0.6748999999217631,True,98,5.800500000077591
30,0.1,10,0,3,0,False,184,1.769100000274193,True,184,13.736400000198046
30,0.1,10,1,3,0,False,193,1.4660000001640583,True,193,14.831100000264996
30,0.1,10,2,0,0,True,210,1.9180999997843173,True,210,16.331300000274496
30,0.1,10,3,15,0,False,232,1.6873999998097133,True,232,19.710699999905046
30,0.1,10,4,0,0,True,282,3.0801000002611545,True,282,25.04380000027595
30,0.1,10,5,1,0,False,167,1.2494999996306433,True,167,10.87260000031165
30,0.1,10,6,1,0,False,223,1.5187000003606954,True,223,15.334400000028836
30,0.1,10,7,1,2,False,162,0.9783999998944637,True,162,10.416799999802606
30,0.1,10,8,4,1,False,246,2.1375999999690976,True,246,21.26459999999497
30,0.1,10,9,0,0,True,172,1.1115000002064335,True,172,11.229799999910028
30,0.2,2,0,0,0,True,66,0.3658999999061052,True,66,6.084099999952741
30,0.2,2,1,0,0,True,47,0.3206000001227949,True,47,3.139800000099058
30,0.2,2,2,0,0,True,32,0.33910000001924345,True,32,2.4458000002596236
30,0.2,2,3,0,0,True,55,0.4687999999077874,True,55,3.8244000002123357
30,0.2,2,4,0,0,True,61,1.2449999999262218,True,61,7.377999999789608
30,0.2,2,5,0,0,True,25,0.14519999967887998,True,25,1.0916999999608379
30,0.2,2,6,0,0,True,46,0.5293000003803172,True,46,4.1827999998531595
30,0.2,2,7,0,0,True,30,0.2104000000144879,True,30,2.0237999997334555
30,0.2,2,8,0,0,True,35,0.237200000356097,True,35,2.259700000195153
30,0.2,2,9,0,0,True,38,0.2847999999175954,True,38,4.9487999999655585
30,0.2,4,0,1,0,False,92,0.7734000000709784,True,92,8.040000000164582
30,0.2,4,1,1,0,False,133,2.033700000083627,True,133,13.761499999873195
30,0.2,4,2,0,0,True,109,0.9206999998241372,True,109,9.290599999985716
30,0.2,4,3,1,0,False,70,0.5337000002327841,True,70,3.685399999994843
30,0.2,4,4,0,0,True,129,1.3625999999931082,True,129,15.778599999975995
30,0.2,4,5,1,1,False,81,0.6291999998211395,True,81,4.166800000348303
30,0.2,4,6,0,0,True,97,0.694500000008702,True,97,6.310499999926833
30,0.2,4,7,0,0,True,99,0.7485999999516935,True,99,7.083299999976589
30,0.2,4,8,0,0,True,60,0.5369999998947605,True,60,3.541600000062317
30,0.2,4,9,0,0,True,82,0.7907000003797293,True,82,6.651300000157789
30,0.2,6,0,3,0,False,100,0.6569999995917897,True,100,5.583300000125746
30,0.2,6,1,0,0,True,106,0.8310999996865576,True,106,5.573599999934231
30,0.2,6,2,0,0,True,73,0.9159999999610591,True,73,5.824700000175653
30,0.2,6,3,0,0,True,158,1.976099999865255,True,158,13.995799999975134
30,0.2,6,4,0,0,True,136,0.9629999999560823,True,136,7.940699999835488
30,0.2,6,5,3,0,False,134,1.0278999998263316,True,136,8.041599999614846
30,0.2,6,6,0,0,True,109,1.1336000002302171,True,109,7.133300000077725
30,0.2,6,7,1,0,False,185,2.520999999887863,True,187,13.899600000058854
30,0.2,6,8,0,1,False,123,0.9365000000798318,True,123,7.116999999652762
30,0.2,6,9,1,0,False,108,0.9387000000060652,True,109,9.982200000195007
30,0.2,8,0,0,0,True,104,0.8117000002130226,True,104,5.649799999901006
30,0.2,8,1,0,1,False,150,1.0861999999178806,True,150,10.85300000022471
30,0.2,8,2,1,0,False,200,1.6682000000400876,True,200,13.527799999792478
30,0.2,8,3,1,0,False,153,1.1604999999690335,True,153,7.8625999999530904
30,0.2,8,4,1,0,False,186,1.4141000001473003,True,186,12.728100000003906
30,0.2,8,5,0,0,True,113,0.8459999999104184,True,113,6.829899999956979
30,0.2,8,6,0,0,True,182,1.3696000000891217,True,182,11.562700000013137
30,0.2,8,7,0,0,True,161,1.7904999999700522,True,161,14.546200000040699
30,0.2,8,8,2,0,False,196,2.1459999998114654,True,196,16.76309999993464
30,0.2,8,9,1,1,False,174,1.7885999995996826,True,176,15.10839999991731
30,0.2,10,0,1,0,False,245,3.3895000001393782,True,245,20.955399999820656
30,0.2,10,1,2,0,False,194,1.4651000001322245,True,194,11.581100000057631
30,0.2,10,2,1,0,False,188,2.7814000000034866,True,188,18.761600000289036
30,0.2,10,3,3,0,False,183,1.6686000003574009,True,184,13.889599999856728
30,0.2,10,4,2,0,False,220,1.5612000001965498,True,221,13.59729999967385
30,0.2,10,5,1,0,False,138,1.0461000001669163,True,138,7.755799999813462
30,0.2,10,6,3,0,False,246,2.907500000219443,True,247,20.690400000148657
30,0.2,10,7,13,0,False,210,2.2171000000525964,True,211,17.992399999911868
30,0.2,10,8,2,0,False,188,1.426499999979569,True,188,12.292500000057771
30,0.2,10,9,5,0,False,193,2.3456000003534427,True,197,19.09139999997933
