grid_size,density,trial,heuristic,found,cost,nodes_expanded,nodes_generated,runtime_ms
20,0.1,0,manhattan,True,19,22,48,0.4928000003019406
20,0.1,0,euclidean,True,19,94,127,0.46530000008715433
20,0.1,0,chebyshev,True,19,112,151,0.48409999999421416
20,0.1,0,weighted_manhattan,True,19,22,48,0.11439999980211724
20,0.1,1,manhattan,True,13,14,24,0.07159999995565158
20,0.1,1,euclidean,True,13,17,27,0.07470000036846614
20,0.1,1,chebyshev,True,13,22,37,0.09539999973640079
20,0.1,1,weighted_manhattan,True,13,14,24,0.1440000000911823
20,0.1,2,manhattan,True,17,25,47,0.1216000000567874
20,0.1,2,euclidean,True,17,46,73,0.256599999829632
20,0.1,2,chebyshev,True,17,48,76,0.2441999999973632
20,0.1,2,weighted_manhattan,True,17,25,47,0.12030000016238773
20,0.1,3,manhattan,True,13,14,36,0.07679999998799758
20,0.1,3,euclidean,True,13,46,71,0.2160999997613544
20,0.1,3,chebyshev,True,13,53,80,0.2337999999326712
20,0.1,3,weighted_manhattan,True,13,14,36,0.11959999983446323
20,0.1,4,manhattan,True,1,2,5,0.01049999991664663
20,0.1,4,euclidean,True,1,2,5,0.009399999726156238
20,0.1,4,chebyshev,True,1,2,5,0.008499999694322469
20,0.1,4,weighted_manhattan,True,1,2,5,0.008999999863590347
20,0.1,5,manhattan,True,11,12,32,0.0652999997328152
20,0.1,5,euclidean,True,11,34,54,0.15530000018770806
20,0.1,5,chebyshev,True,11,39,61,0.17429999979867716
20,0.1,5,weighted_manhattan,True,11,12,32,0.06680000024061883
20,0.1,6,manhattan,True,20,24,57,0.12409999999363208
20,0.1,6,euclidean,True,20,102,131,0.444599999809725
20,0.1,6,chebyshev,True,20,115,148,0.49919999992198427
20,0.1,6,weighted_manhattan,True,20,24,57,0.13000000035390258
20,0.1,7,manhattan,True,20,21,53,0.11240000003454043
20,0.1,7,euclidean,True,20,104,137,0.45399999999062857
20,0.1,7,chebyshev,True,20,123,163,0.541499999599182
20,0.1,7,weighted_manhattan,True,20,21,53,0.11510000013004174
20,0.1,8,manhattan,True,9,10,27,0.05579999969995697
20,0.1,8,euclidean,True,9,26,44,0.12289999995118706
20,0.1,8,chebyshev,True,9,28,48,0.1301000002058572
20,0.1,8,weighted_manhattan,True,9,10,27,0.0563000003239722
20,0.1,9,manhattan,True,5,6,15,0.03199999991920777
20,0.1,9,euclidean,True,5,6,15,0.030700000024808105
20,0.1,9,chebyshev,True,5,6,15,0.030100000003585592
20,0.1,9,weighted_manhattan,True,5,6,15,0.03130000004603062
20,0.1,10,manhattan,True,8,9,22,0.04750000016429112
20,0.1,10,euclidean,True,8,18,34,0.08660000003146706
20,0.1,10,chebyshev,True,8,19,36,0.09000000000014552
20,0.1,10,weighted_manhattan,True,8,9,22,0.04750000016429112
20,0.1,11,manhattan,True,24,25,60,0.12730000025840127
20,0.1,11,euclidean,True,24,132,163,1.1569000002964458
20,0.1,11,chebyshev,True,24,155,196,0.9033999999701336
20,0.1,11,weighted_manhattan,True,24,25,60,0.13560000024881447
20,0.1,12,manhattan,True,6,7,16,0.03600000036385609
20,0.1,12,euclidean,True,6,7,14,0.032899999951041536
20,0.1,12,chebyshev,True,6,11,23,0.052999999752501026
20,0.1,12,weighted_manhattan,True,6,7,16,0.03529999958118424
20,0.1,13,manhattan,True,12,13,28,0.07039999991320656
20,0.1,13,euclidean,True,12,38,57,0.17250000018975697
20,0.1,13,chebyshev,True,12,44,66,0.19490000022415188
20,0.1,13,weighted_manhattan,True,12,13,28,0.063500000123895
20,0.1,14,manhattan,True,28,29,69,0.147800000377174
20,0.1,14,euclidean,True,28,193,230,0.8318000000144821
20,0.1,14,chebyshev,True,28,216,262,0.918799999908515
20,0.1,14,weighted_manhattan,True,28,29,69,0.1546999997117382
20,0.1,15,manhattan,True,12,13,33,0.06949999988137279
20,0.1,15,euclidean,True,12,13,33,0.0928999997995561
20,0.1,15,chebyshev,True,12,13,33,0.09100000033868128
20,0.1,15,weighted_manhattan,True,12,13,33,0.08909999996831175
20,0.1,16,manhattan,True,7,9,19,0.17010000010486692
20,0.1,16,euclidean,True,7,17,32,0.10040000006483751
20,0.1,16,chebyshev,True,7,19,34,0.0876999997672101
20,0.1,16,weighted_manhattan,True,7,9,19,0.04540000009001233
20,0.1,17,manhattan,True,5,6,11,0.030299999707494862
20,0.1,17,euclidean,True,5,7,13,0.03240000023652101
20,0.1,17,chebyshev,True,5,8,15,0.03599999990910874
20,0.1,17,weighted_manhattan,True,5,6,11,0.026499999876250513
20,0.1,18,manhattan,True,7,8,20,0.04170000011072261
20,0.1,18,euclidean,True,7,13,27,0.06519999988086056
20,0.1,18,chebyshev,True,7,14,29,0.06889999986015027
20,0.1,18,weighted_manhattan,True,7,8,20,0.042499999835854396
20,0.1,19,manhattan,True,19,20,54,0.11150000000270666
20,0.1,19,euclidean,True,19,100,131,0.43619999996735714
20,0.1,19,chebyshev,True,19,108,144,0.462599999991653
20,0.1,19,weighted_manhattan,True,19,20,54,0.1160000001618755
20,0.1,20,manhattan,True,12,14,30,0.07019999975454994
20,0.1,20,euclidean,True,12,35,56,0.16770000001997687
20,0.1,20,chebyshev,True,12,41,68,0.18769999996948172
20,0.1,20,weighted_manhattan,True,12,14,30,0.07120000009308569
20,0.1,21,manhattan,True,4,5,14,0.02790000007735216
20,0.1,21,euclidean,True,4,5,14,0.11719999974957318
20,0.1,21,chebyshev,True,4,5,14,0.11990000029982184
20,0.1,21,weighted_manhattan,True,4,5,14,0.07410000034724362
20,0.1,22,manhattan,True,20,22,54,0.11649999987639603
20,0.1,22,euclidean,True,20,77,105,0.3432000003158464
20,0.1,22,chebyshev,True,20,88,120,0.39120000019465806
20,0.1,22,weighted_manhattan,True,20,22,54,0.120499999866297
20,0.1,23,manhattan,True,12,13,32,0.06820000044172048
20,0.1,23,euclidean,True,12,36,57,0.16689999984009773
20,0.1,23,chebyshev,True,12,38,62,0.1733999997668434
20,0.1,23,weighted_manhattan,True,12,13,32,0.07000000005064066
20,0.1,24,manhattan,True,18,19,44,0.09820000013860408
20,0.1,24,euclidean,True,18,66,92,0.3010000000358559
20,0.1,24,chebyshev,True,18,77,107,0.33839999969131895
20,0.1,24,weighted_manhattan,True,18,19,44,0.1019000001178938
20,0.1,25,manhattan,True,19,20,50,0.10580000025584013
20,0.1,25,euclidean,True,19,50,74,0.2248999999210355
20,0.1,25,chebyshev,True,19,51,76,0.22750000016458216
20,0.1,25,weighted_manhattan,True,19,20,50,0.11180000001331791
20,0.1,26,manhattan,True,15,21,38,0.09760000011738157
20,0.1,26,euclidean,True,15,56,82,0.2524999999877764
20,0.1,26,chebyshev,True,15,63,90,0.2792000000226835
20,0.1,26,weighted_manhattan,True,15,21,38,0.1005000003715395
20,0.1,27,manhattan,True,6,8,20,0.042300000131945126
20,0.1,27,euclidean,True,6,10,20,0.049899999794433825
20,0.1,27,chebyshev,True,6,12,22,0.056800000038492726
20,0.1,27,weighted_manhattan,True,6,8,20,0.04269999999451102
20,0.1,28,manhattan,True,12,13,31,0.06750000011379598
20,0.1,28,euclidean,True,12,21,40,0.10029999975813553
20,0.1,28,chebyshev,True,12,27,48,0.12460000016289996
20,0.1,28,weighted_manhattan,True,12,13,31,0.06970000004002941
20,0.1,29,manhattan,True,5,6,14,0.031099999887373997
20,0.1,29,euclidean,True,5,7,16,0.03479999986666371
20,0.1,29,chebyshev,True,5,8,17,0.03790000027947826
20,0.1,29,weighted_manhattan,True,5,6,14,0.03040000001419685
20,0.2,0,manhattan,True,14,15,26,0.06769999981770525
20,0.2,0,euclidean,True,14,33,49,0.14449999980570283
20,0.2,0,chebyshev,True,14,45,63,0.19049999991693767
20,0.2,0,weighted_manhattan,True,14,15,26,0.06849999999758438
20,0.2,1,manhattan,True,4,5,11,0.031600000056641875
20,0.2,1,euclidean,True,4,6,10,0.026499999876250513
20,0.2,1,chebyshev,True,4,6,10,0.025100000129896216
20,0.2,1,weighted_manhattan,True,4,5,11,0.024399999801971717
20,0.2,2,manhattan,True,3,4,9,0.020000000404252205
20,0.2,2,euclidean,True,3,4,9,0.01919999976962572
20,0.2,2,chebyshev,True,3,4,9,0.018600000203150557
20,0.2,2,weighted_manhattan,True,3,4,9,0.01919999976962572
20,0.2,3,manhattan,True,16,20,46,0.10300000030838419
20,0.2,3,euclidean,True,16,64,85,0.5885000000489526
20,0.2,3,chebyshev,True,16,71,90,0.6603000001632608
20,0.2,3,weighted_manhattan,True,16,20,46,0.10709999969549244
20,0.2,4,manhattan,True,6,7,15,0.03569999989849748
20,0.2,4,euclidean,True,6,7,14,0.03349999997226405
20,0.2,4,chebyshev,True,6,7,14,0.03190000006725313
20,0.2,4,weighted_manhattan,True,6,7,15,0.03349999997226405
20,0.2,5,manhattan,True,7,9,18,0.042099999973288504
20,0.2,5,euclidean,True,7,11,20,0.056599999879836105
20,0.2,5,chebyshev,True,7,12,22,0.05400000009103678
20,0.2,5,weighted_manhattan,True,7,9,18,0.04399999988891068
20,0.2,6,manhattan,True,12,13,28,0.06399999983841553
20,0.2,6,euclidean,True,12,18,38,0.08789999992586672
20,0.2,6,chebyshev,True,12,27,51,0.12590000005729962
20,0.2,6,weighted_manhattan,True,12,13,28,0.06480000001829467
20,0.2,7,manhattan,True,26,34,72,0.1677999998719315
20,0.2,7,euclidean,True,26,144,165,0.6031000002622022
20,0.2,7,chebyshev,True,26,145,172,0.5952000001343549
20,0.2,7,weighted_manhattan,True,26,34,72,0.18099999988407944
20,0.2,8,manhattan,True,4,5,9,0.023600000076839933
20,0.2,8,euclidean,True,4,6,11,0.02790000007735216
20,0.2,8,chebyshev,True,4,6,11,0.026700000034907134
20,0.2,8,weighted_manhattan,True,4,5,9,0.022000000171829015
20,0.2,9,manhattan,True,17,22,41,0.10049999991679215
20,0.2,9,euclidean,True,17,48,66,0.20870000025752233
20,0.2,9,chebyshev,True,17,59,78,0.24429999984931783
20,0.2,9,weighted_manhattan,True,17,22,41,0.10370000018156134
20,0.2,10,manhattan,True,19,41,69,0.18369999997958075
20,0.2,10,euclidean,True,19,84,110,0.36709999994855025
20,0.2,10,chebyshev,True,19,100,129,0.4291999998713436
20,0.2,10,weighted_manhattan,True,21,34,57,0.1556999995955266
20,0.2,11,manhattan,True,19,33,53,0.14620000001741573
20,0.2,11,euclidean,True,19,56,82,0.24910000001909793
20,0.2,11,chebyshev,True,19,78,104,0.33250000024054316
20,0.2,11,weighted_manhattan,True,19,33,53,0.1503000003140187
20,0.2,12,manhattan,True,13,16,39,0.0845999998091429
20,0.2,12,euclidean,True,13,37,56,0.17070000012608944
20,0.2,12,chebyshev,True,13,42,60,0.18559999989520293
20,0.2,12,weighted_manhattan,True,13,16,39,0.08609999986219918
20,0.2,13,manhattan,True,4,5,10,0.02300000005561742
20,0.2,13,euclidean,True,4,5,10,0.02230000018244027
20,0.2,13,chebyshev,True,4,5,10,0.03569999989849748
20,0.2,13,weighted_manhattan,True,4,5,10,0.022000000171829015
20,0.2,14,manhattan,True,22,35,63,0.16110000024127658
20,0.2,14,euclidean,True,22,106,136,0.4604000000654196
20,0.2,14,chebyshev,True,22,125,161,0.5330000003596069
20,0.2,14,weighted_manhattan,True,22,35,63,0.16910000022107852
20,0.2,15,manhattan,True,11,12,28,0.061299999742914224
20,0.2,15,euclidean,True,11,23,39,0.10750000001280569
20,0.2,15,chebyshev,True,11,23,39,0.10479999991730438
20,0.2,15,weighted_manhattan,True,11,12,28,0.06279999979597051
20,0.2,16,manhattan,True,21,34,65,0.16129999994518585
20,0.2,16,euclidean,True,21,82,106,0.41789999977481784
20,0.2,16,chebyshev,True,21,103,128,0.5716999999094696
20,0.2,16,weighted_manhattan,True,21,39,71,0.2457999999023741
20,0.2,17,manhattan,True,9,10,20,0.048100000185513636
20,0.2,17,euclidean,True,9,13,26,0.06280000025071786
20,0.2,17,chebyshev,True,9,17,34,0.07950000008349889
20,0.2,17,weighted_manhattan,True,9,10,20,0.046999999995023245
20,0.2,18,manhattan,True,10,15,30,0.07229999982882873
20,0.2,18,euclidean,True,10,19,34,0.09370000043418258
20,0.2,18,chebyshev,True,10,21,35,0.09609999960957794
20,0.2,18,weighted_manhattan,True,10,15,30,0.07349999987127376
20,0.2,19,manhattan,True,14,18,34,0.08490000027450151
20,0.2,19,euclidean,True,14,52,68,0.2196999998886895
20,0.2,19,chebyshev,True,14,57,74,0.2418000003672205
20,0.2,19,weighted_manhattan,True,14,18,34,0.08609999986219918
20,0.2,20,manhattan,True,10,11,26,0.055900000006658956
20,0.2,20,euclidean,True,10,19,27,0.08109999998850981
20,0.2,20,chebyshev,True,10,19,27,0.07860000005166512
20,0.2,20,weighted_manhattan,True,10,11,26,0.057300000207760604
20,0.2,21,manhattan,True,11,20,34,0.08920000027501374
20,0.2,21,euclidean,True,11,23,37,0.10210000027655042
20,0.2,21,chebyshev,True,11,30,47,0.13080000007903436
20,0.2,21,weighted_manhattan,True,11,20,34,0.09090000003197929
20,0.2,22,manhattan,True,7,8,14,0.035600000046542846
20,0.2,22,euclidean,True,7,9,15,0.04309999985707691
20,0.2,22,chebyshev,True,7,10,17,0.04260000014255638
20,0.2,22,weighted_manhattan,True,7,8,14,0.03530000003593159
20,0.2,23,manhattan,True,8,9,16,0.0403999997615756
20,0.2,23,euclidean,True,8,16,23,0.0691000000188069
20,0.2,23,chebyshev,True,8,17,25,0.0721999999768741
20,0.2,23,weighted_manhattan,True,8,9,16,0.04059999992023222
20,0.2,24,manhattan,True,9,10,18,0.04530000023805769
20,0.2,24,euclidean,True,9,13,21,0.05620000001727021
20,0.2,24,chebyshev,True,9,15,24,0.0698000003467314
20,0.2,24,weighted_manhattan,True,9,10,18,0.045199999931355705
20,0.2,25,manhattan,True,9,10,23,0.05070000042906031
20,0.2,25,euclidean,True,9,10,22,0.05019999980504508
20,0.2,25,chebyshev,True,9,11,22,0.051900000016757986
20,0.2,25,weighted_manhattan,True,9,10,23,0.051500000154192094
20,0.2,26,manhattan,True,12,20,38,0.09430000000065775
20,0.2,26,euclidean,True,12,24,41,0.11150000000270666
20,0.2,26,chebyshev,True,12,26,45,0.11989999984507449
20,0.2,26,weighted_manhattan,True,12,20,38,0.09659999977884581
20,0.2,27,manhattan,True,20,28,55,0.13339999986783369
20,0.2,27,euclidean,True,20,81,107,0.3507999999783351
20,0.2,27,chebyshev,True,20,97,129,0.4227999997965526
20,0.2,27,weighted_manhattan,True,20,28,55,0.13750000016443664
20,0.2,28,manhattan,True,5,6,15,0.031600000056641875
20,0.2,28,euclidean,True,5,6,15,0.03079999987676274
20,0.2,28,chebyshev,True,5,6,15,0.030199999855540227
20,0.2,28,weighted_manhattan,True,5,6,15,0.03100000003541936
20,0.2,29,manhattan,True,11,12,28,0.06170000006022747
20,0.2,29,euclidean,True,11,25,35,0.10840000004463946
20,0.2,29,chebyshev,True,11,29,40,0.1262999999198655
20,0.2,29,weighted_manhattan,True,11,12,28,0.06329999996523838
20,0.3,0,manhattan,True,21,27,51,0.12520000018412247
20,0.3,0,euclidean,True,21,74,85,0.30379999998331186
20,0.3,0,chebyshev,True,21,74,88,0.3000000001520675
20,0.3,0,weighted_manhattan,True,21,27,51,0.1301000002058572
20,0.3,1,manhattan,True,10,12,22,0.05529999998543644
20,0.3,1,euclidean,True,10,18,26,0.07760000016787671
20,0.3,1,chebyshev,True,10,19,27,0.08819999993647798
20,0.3,1,weighted_manhattan,True,10,12,22,0.05580000015470432
20,0.3,2,manhattan,True,26,94,125,0.4360000002634479
20,0.3,2,euclidean,True,26,147,163,0.6146000000626373
20,0.3,2,chebyshev,True,26,155,168,0.6208999998307263
20,0.3,2,weighted_manhattan,True,28,56,81,0.24849999999787542
20,0.3,3,manhattan,True,11,12,26,0.05959999998594867
20,0.3,3,euclidean,True,11,19,31,0.14549999968949123
20,0.3,3,chebyshev,True,11,20,32,0.0905000001694134
20,0.3,3,weighted_manhattan,True,11,12,26,0.05989999999655993
20,0.3,4,manhattan,True,14,16,28,0.07189999996626284
20,0.3,4,euclidean,True,14,32,44,0.13699999999516876
20,0.3,4,chebyshev,True,14,39,52,0.2558000001045002
20,0.3,4,weighted_manhattan,True,14,16,28,0.09960000033970573
20,0.3,5,manhattan,True,41,195,230,0.8236999997279781
20,0.3,5,euclidean,True,41,219,227,0.8597999999437889
20,0.3,5,chebyshev,True,41,219,229,0.8431999999629625
20,0.3,5,weighted_manhattan,True,41,115,144,0.48609999976179097
20,0.3,6,manhattan,True,33,130,167,0.5660000001626031
20,0.3,6,euclidean,True,33,165,176,0.6634999999732827
20,0.3,6,chebyshev,True,33,172,182,0.6809000001339882
20,0.3,6,weighted_manhattan,True,33,52,80,0.2324000001863169
20,0.3,7,manhattan,True,14,17,28,0.0774000000092201
20,0.3,7,euclidean,True,14,38,49,0.15979999989212956
20,0.3,7,chebyshev,True,14,42,56,0.1764999997249106
20,0.3,7,weighted_manhattan,True,14,16,28,0.07370000002993038
20,0.3,8,manhattan,True,31,73,97,0.2957000001515553
20,0.3,8,euclidean,True,31,103,116,0.4114999997000268
20,0.3,8,chebyshev,True,31,106,122,0.4165999998804182
20,0.3,8,weighted_manhattan,True,31,72,96,0.30370000013135723
20,0.3,9,manhattan,True,6,8,12,0.03500000002532033
20,0.3,9,euclidean,True,6,9,14,0.0390000000152213
20,0.3,9,chebyshev,True,6,9,14,0.038299999687296804
20,0.3,9,weighted_manhattan,True,6,8,12,0.03310000010969816
20,0.3,10,manhattan,True,12,20,36,0.09300000010625808
20,0.3,10,euclidean,True,12,26,42,0.1181000002361543
20,0.3,10,chebyshev,True,12,34,55,0.15310000026147463
20,0.3,10,weighted_manhattan,True,12,20,36,0.09959999988495838
20,0.3,11,manhattan,True,24,52,75,0.21950000018478022
20,0.3,11,euclidean,True,24,105,128,0.4380000000310247
20,0.3,11,chebyshev,True,24,112,134,0.4550000003291643
20,0.3,11,weighted_manhattan,True,26,37,56,0.1679000001786335
20,0.3,12,manhattan,True,15,27,35,0.10879999990720535
20,0.3,12,euclidean,True,15,32,41,0.1301000002058572
20,0.3,12,chebyshev,True,15,32,41,0.12800000013157842
20,0.3,12,weighted_manhattan,True,15,27,35,0.11059999997087289
20,0.3,13,manhattan,True,36,201,234,0.8133000001180335
20,0.3,13,euclidean,True,36,242,256,1.0259000000587548
20,0.3,13,chebyshev,True,36,246,260,0.9454999999434222
20,0.3,13,weighted_manhattan,True,36,176,213,0.7252999998854648
20,0.3,14,manhattan,True,6,9,18,0.04289999969842029
20,0.3,14,euclidean,True,6,11,20,0.05090000013296958
20,0.3,14,chebyshev,True,6,12,22,0.05450000026030466
20,0.3,14,weighted_manhattan,True,6,9,18,0.042099999973288504
20,0.3,15,manhattan,True,16,26,46,0.1191000001199427
20,0.3,15,euclidean,True,16,31,52,0.14020000025993795
20,0.3,15,chebyshev,True,16,35,56,0.15220000022964086
20,0.3,15,weighted_manhattan,True,16,26,46,0.12229999992996454
20,0.3,16,manhattan,True,10,17,30,0.07960000039020088
20,0.3,16,euclidean,True,10,27,40,0.11749999976018444
20,0.3,16,chebyshev,True,10,28,40,0.11900000026798807
20,0.3,16,weighted_manhattan,True,10,17,30,0.07969999978740816
20,0.3,17,manhattan,True,20,21,40,0.09879999970507924
20,0.3,17,euclidean,True,20,51,70,0.2165999999306223
20,0.3,17,chebyshev,True,20,54,72,0.2248999999210355
20,0.3,17,weighted_manhattan,True,20,21,40,0.1005000003715395
20,0.3,18,manhattan,True,1,2,5,0.010300000212737359
20,0.3,18,euclidean,True,1,2,5,0.009299999874201603
20,0.3,18,chebyshev,True,1,2,5,0.008600000001024455
20,0.3,18,weighted_manhattan,True,1,2,5,0.008800000159681076
20,0.3,19,manhattan,True,21,68,101,0.2988999999615771
20,0.3,19,euclidean,True,21,100,120,0.4214000000501983
20,0.3,19,chebyshev,True,21,101,120,0.4119999998692947
20,0.3,19,weighted_manhattan,True,21,59,91,0.2743999998529034
20,0.3,20,manhattan,True,27,41,63,0.17369999977745465
20,0.3,20,euclidean,True,27,72,88,0.3011999997397652
20,0.3,20,chebyshev,True,27,80,99,0.3279000002294197
20,0.3,20,weighted_manhattan,True,27,38,61,0.1687999997557199
20,0.3,21,manhattan,True,16,26,42,0.11899999981324072
20,0.3,21,euclidean,True,16,43,60,0.18369999997958075
20,0.3,21,chebyshev,True,16,47,64,0.19879999990735087
20,0.3,21,weighted_manhattan,True,16,20,33,0.09039999986271141
20,0.3,22,manhattan,True,25,61,94,0.2689999996619008
20,0.3,22,euclidean,True,25,136,151,0.5502000003616558
20,0.3,22,chebyshev,True,25,145,158,0.5835000001752633
20,0.3,22,weighted_manhattan,True,25,55,88,0.2544999997553532
20,0.3,23,manhattan,True,14,19,34,0.08720000005268957
20,0.3,23,euclidean,True,14,47,63,0.19950000023527537
20,0.3,23,chebyshev,True,14,50,66,0.2088999999614316
20,0.3,23,weighted_manhattan,True,14,16,28,0.07370000002993038
20,0.3,24,manhattan,True,7,8,15,0.03599999990910874
20,0.3,24,euclidean,True,7,15,25,0.06979999989198404
20,0.3,24,chebyshev,True,7,16,26,0.07099999993442907
20,0.3,24,weighted_manhattan,True,7,8,15,0.03569999989849748
20,0.3,25,manhattan,True,3,4,9,0.01970000039364095
20,0.3,25,euclidean,True,3,4,9,0.01920000022437307
20,0.3,25,chebyshev,True,3,4,9,0.01849999989644857
20,0.3,25,weighted_manhattan,True,3,4,9,0.018599999748403206
20,0.3,26,manhattan,True,15,20,29,0.08309999975608662
20,0.3,26,euclidean,True,15,23,32,0.09899999986373587
20,0.3,26,chebyshev,True,15,23,32,0.09270000009564683
20,0.3,26,weighted_manhattan,True,15,20,29,0.08410000009462237
20,0.3,27,manhattan,True,33,139,175,0.6347999997160514
20,0.3,27,euclidean,True,33,171,182,0.7106000002750079
20,0.3,27,chebyshev,True,33,172,189,0.8694000002833491
20,0.3,27,weighted_manhattan,True,33,132,166,0.6065000002308807
20,0.3,28,manhattan,True,20,48,65,0.22699999999531428
20,0.3,28,euclidean,True,20,69,84,0.2875000000130967
20,0.3,28,chebyshev,True,20,75,86,0.30419999984587776
20,0.3,28,weighted_manhattan,True,20,42,58,0.20649999987654155
20,0.3,29,manhattan,True,17,23,40,0.10640000027706265
20,0.3,29,euclidean,True,17,56,68,0.2367999995840364
20,0.3,29,chebyshev,True,17,58,72,0.25700000014694524
20,0.3,29,weighted_manhattan,True,17,23,40,0.14779999992242665
40,0.1,0,manhattan,True,13,14,35,0.1380999997309118
40,0.1,0,euclidean,True,13,46,67,0.3513999999995576
40,0.1,0,chebyshev,True,13,51,73,0.2424999997856503
40,0.1,0,weighted_manhattan,True,13,14,35,0.07820000018909923
40,0.1,1,manhattan,True,19,23,53,0.1656999997976527
40,0.1,1,euclidean,True,19,38,70,0.19020000036107376
40,0.1,1,chebyshev,True,19,38,70,0.18690000024434994
40,0.1,1,weighted_manhattan,True,19,23,53,0.1268000000891334
40,0.1,2,manhattan,True,36,37,83,0.21250000008876668
40,0.1,2,euclidean,True,36,373,435,2.0174999999653664
40,0.1,2,chebyshev,True,36,436,517,2.173800000036863
40,0.1,2,weighted_manhattan,True,36,37,83,0.2793000003293855
40,0.1,3,manhattan,True,11,12,26,0.08159999970303033
40,0.1,3,euclidean,True,11,32,44,0.14469999996435945
40,0.1,3,chebyshev,True,11,34,45,0.14380000038727303
40,0.1,3,weighted_manhattan,True,11,12,26,0.0608000000283937
40,0.1,4,manhattan,True,31,38,92,0.22309999985736795
40,0.1,4,euclidean,True,31,253,298,1.3057999999546155
40,0.1,4,chebyshev,True,31,285,337,1.2785000003532332
40,0.1,4,weighted_manhattan,True,33,34,84,0.19410000004427275
40,0.1,5,manhattan,True,3,4,10,0.04290000015316764
40,0.1,5,euclidean,True,3,4,10,0.025399999685760122
40,0.1,5,chebyshev,True,3,4,10,0.02119999999194988
40,0.1,5,weighted_manhattan,True,3,4,10,0.020599999970727367
40,0.1,6,manhattan,True,8,9,23,0.08089999982985319
40,0.1,6,euclidean,True,8,19,34,0.1268000000891334
40,0.1,6,chebyshev,True,8,20,36,0.1291999997192761
40,0.1,6,weighted_manhattan,True,8,9,23,0.06780000012440723
40,0.1,7,manhattan,True,19,32,70,0.26989999969373457
40,0.1,7,euclidean,True,19,60,93,0.28249999968466
40,0.1,7,chebyshev,True,19,69,101,0.30789999982516747
40,0.1,7,weighted_manhattan,True,21,25,55,0.13029999990976648
40,0.1,8,manhattan,True,19,20,50,0.11979999999311985
40,0.1,8,euclidean,True,19,106,138,0.5124000003888796
40,0.1,8,chebyshev,True,19,119,160,0.5163000000720785
40,0.1,8,weighted_manhattan,True,19,20,50,0.10990000009769574
40,0.1,9,manhattan,True,32,46,108,0.25910000022122404
40,0.1,9,euclidean,True,32,289,335,1.2489000000641681
40,0.1,9,chebyshev,True,32,301,357,1.3000999997530016
40,0.1,9,weighted_manhattan,True,34,42,102,0.23640000017621787
40,0.1,10,manhattan,True,27,44,87,0.2540999998927873
40,0.1,10,euclidean,True,27,188,234,0.9079999999812571
40,0.1,10,chebyshev,True,27,221,271,0.9496000002400251
40,0.1,10,weighted_manhattan,True,27,29,64,0.15149999990171636
40,0.1,11,manhattan,True,26,52,106,0.257799999872077
40,0.1,11,euclidean,True,26,169,213,0.7405000001199369
40,0.1,11,chebyshev,True,26,204,254,0.8692999999766471
40,0.1,11,weighted_manhattan,True,28,39,84,0.20549999999275315
40,0.1,12,manhattan,True,31,38,89,0.20279999989725184
40,0.1,12,euclidean,True,31,213,250,0.909599999886268
40,0.1,12,chebyshev,True,31,216,261,0.9052000000338012
40,0.1,12,weighted_manhattan,True,31,38,89,0.20470000026762136
40,0.1,13,manhattan,True,44,45,114,0.2465000002302986
40,0.1,13,euclidean,True,44,256,322,1.1245000000599248
40,0.1,13,chebyshev,True,44,296,360,1.3045999999121705
40,0.1,13,weighted_manhattan,True,44,45,114,0.25269999969168566
40,0.1,14,manhattan,True,26,27,70,0.3560000000106811
40,0.1,14,euclidean,True,26,164,202,0.9544999998070125
40,0.1,14,chebyshev,True,26,169,213,0.7153999999900407
40,0.1,14,weighted_manhattan,True,26,27,70,0.1509999997324485
40,0.1,15,manhattan,True,19,25,55,0.1264000002265675
40,0.1,15,euclidean,True,19,103,136,0.4512000000431726
40,0.1,15,chebyshev,True,19,117,155,1.3426000000436034
40,0.1,15,weighted_manhattan,True,19,25,55,0.19879999990735087
40,0.1,16,manhattan,True,11,14,34,0.11570000015126425
40,0.1,16,euclidean,True,11,30,49,0.19730000030904193
40,0.1,16,chebyshev,True,11,36,59,0.2644999999574793
40,0.1,16,weighted_manhattan,True,11,14,34,0.10989999964294839
40,0.1,17,manhattan,True,26,27,70,0.23509999982707086
40,0.1,17,euclidean,True,26,188,237,1.1983999997937644
40,0.1,17,chebyshev,True,26,215,273,1.4184000001478125
40,0.1,17,weighted_manhattan,True,26,27,70,0.24310000026162015
40,0.1,18,manhattan,True,40,41,115,0.26380000008430216
40,0.1,18,euclidean,True,40,445,502,1.957100000254286
40,0.1,18,chebyshev,True,40,480,555,3.243099999963306
40,0.1,18,weighted_manhattan,True,40,41,115,0.3739999997378618
40,0.1,19,manhattan,True,4,5,11,0.04130000024815672
40,0.1,19,euclidean,True,4,5,13,0.04130000024815672
40,0.1,19,chebyshev,True,4,5,13,0.03779999997277628
40,0.1,19,weighted_manhattan,True,4,5,11,0.035200000183976954
40,0.1,20,manhattan,True,55,89,186,0.9923000002345361
40,0.1,20,euclidean,True,55,946,1042,4.612799999904382
40,0.1,20,chebyshev,True,55,1047,1170,5.210799999986193
40,0.1,20,weighted_manhattan,True,59,64,142,0.3328000002511544
40,0.1,21,manhattan,True,11,20,43,0.10139999994862592
40,0.1,21,euclidean,True,11,24,42,0.22849999959362322
40,0.1,21,chebyshev,True,11,26,44,0.32059999966804753
40,0.1,21,weighted_manhattan,True,13,14,31,0.09899999986373587
40,0.1,22,manhattan,True,40,41,105,0.28100000008635106
40,0.1,22,euclidean,True,40,381,452,1.6598000001977198
40,0.1,22,chebyshev,True,40,461,548,2.722499999890715
40,0.1,22,weighted_manhattan,True,40,41,105,0.3919000000678352
40,0.1,23,manhattan,True,52,71,170,0.39270000024771434
40,0.1,23,euclidean,True,52,702,778,3.014999999777501
40,0.1,23,chebyshev,True,52,793,894,3.3690000000206055
40,0.1,23,weighted_manhattan,True,56,64,154,0.35499999967214535
40,0.1,24,manhattan,True,23,44,81,0.2082999999402091
40,0.1,24,euclidean,True,23,130,166,0.5643999998028448
40,0.1,24,chebyshev,True,23,151,195,0.6498000002466142
40,0.1,24,weighted_manhattan,True,25,26,56,0.13269999999465654
40,0.1,25,manhattan,True,27,28,66,0.21049999986644252
40,0.1,25,euclidean,True,27,215,261,1.1991999999736436
40,0.1,25,chebyshev,True,27,245,299,2.4276999997709936
40,0.1,25,weighted_manhattan,True,27,28,66,0.16310000000885339
40,0.1,26,manhattan,True,15,19,41,0.10030000021288288
40,0.1,26,euclidean,True,15,52,76,0.23790000022927416
40,0.1,26,chebyshev,True,15,61,87,0.2704999997149571
40,0.1,26,weighted_manhattan,True,15,19,41,0.09730000010677031
40,0.1,27,manhattan,True,21,22,56,0.11789999962275033
40,0.1,27,euclidean,True,21,72,95,0.6098999997448118
40,0.1,27,chebyshev,True,21,73,98,0.3075999998145562
40,0.1,27,weighted_manhattan,True,21,22,56,0.12310000010984368
40,0.1,28,manhattan,True,8,9,25,0.05160000000614673
40,0.1,28,euclidean,True,8,9,25,0.050800000281014945
40,0.1,28,chebyshev,True,8,9,25,0.049199999921256676
40,0.1,28,weighted_manhattan,True,8,9,25,0.05120000014358084
40,0.1,29,manhattan,True,50,68,166,0.36050000016984995
40,0.1,29,euclidean,True,50,660,706,5.008399999951507
40,0.1,29,chebyshev,True,50,661,735,4.420699999627686
40,0.1,29,weighted_manhattan,True,52,55,143,0.3468999998403888
40,0.2,0,manhattan,True,59,308,468,1.427000000148837
40,0.2,0,euclidean,True,59,559,599,2.324999999927968
40,0.2,0,chebyshev,True,59,561,625,2.3845999999139167
40,0.2,0,weighted_manhattan,True,59,96,163,0.45510000018111896
40,0.2,1,manhattan,True,64,123,218,0.6191000002218061
40,0.2,1,euclidean,True,64,838,876,3.4499999997024133
40,0.2,1,chebyshev,True,64,839,933,3.5670000002028246
40,0.2,1,weighted_manhattan,True,70,101,179,0.4861000002165383
40,0.2,2,manhattan,True,28,47,103,0.24359999997614068
40,0.2,2,euclidean,True,28,110,152,0.48790000028020586
40,0.2,2,chebyshev,True,28,133,180,0.5958000001555774
40,0.2,2,weighted_manhattan,True,30,36,82,0.1938000000336615
40,0.2,3,manhattan,True,11,12,23,0.05809999993289239
40,0.2,3,euclidean,True,11,12,23,0.05760000021837186
40,0.2,3,chebyshev,True,11,12,23,0.05629999986922485
40,0.2,3,weighted_manhattan,True,11,12,23,0.05760000021837186
40,0.2,4,manhattan,True,31,101,175,0.7654999999431311
40,0.2,4,euclidean,True,31,232,279,1.3024999998378917
40,0.2,4,chebyshev,True,31,274,332,1.177900000129739
40,0.2,4,weighted_manhattan,True,33,34,86,0.19359999987500487
40,0.2,5,manhattan,True,16,35,59,0.3032000004168367
40,0.2,5,euclidean,True,16,75,100,0.4880000001321605
40,0.2,5,chebyshev,True,16,82,110,0.504200000250421
40,0.2,5,weighted_manhattan,True,16,22,39,0.1419000000169035
40,0.2,6,manhattan,True,22,48,88,0.23310000005949405
40,0.2,6,euclidean,True,22,95,127,0.41090000013355166
40,0.2,6,chebyshev,True,22,113,152,0.48659999993105885
40,0.2,6,weighted_manhattan,True,24,28,61,0.15120000034585246
40,0.2,7,manhattan,True,36,39,88,0.19810000003417372
40,0.2,7,euclidean,True,36,298,344,1.2772000000040862
40,0.2,7,chebyshev,True,36,355,424,3.2249000000774686
40,0.2,7,weighted_manhattan,True,36,39,88,0.2792000000226835
40,0.2,8,manhattan,True,37,132,229,0.6448000003729248
40,0.2,8,euclidean,True,37,211,266,0.9610000001885055
40,0.2,8,chebyshev,True,37,271,342,1.1566000002858345
40,0.2,8,weighted_manhattan,True,41,106,178,0.5150000001776789
40,0.2,9,manhattan,True,48,238,316,1.0394999999334686
40,0.2,9,euclidean,True,48,463,518,1.951799999915238
40,0.2,9,chebyshev,True,48,527,600,2.2979999998824496
40,0.2,9,weighted_manhattan,True,48,79,135,0.3747000000657863
40,0.2,10,manhattan,True,17,19,38,0.09179999960906571
40,0.2,10,euclidean,True,17,34,60,0.15899999971225043
40,0.2,10,chebyshev,True,17,34,60,0.15619999976479448
40,0.2,10,weighted_manhattan,True,17,19,38,0.09249999993699021
40,0.2,11,manhattan,True,42,101,165,0.6839000002401008
40,0.2,11,euclidean,True,42,327,379,1.4140000002953457
40,0.2,11,chebyshev,True,42,373,427,1.580199999807519
40,0.2,11,weighted_manhattan,True,46,60,104,0.28949999978067353
40,0.2,12,manhattan,True,26,90,138,0.4073000000062166
40,0.2,12,euclidean,True,26,170,204,0.7276999999703548
40,0.2,12,chebyshev,True,26,189,229,0.7967000001372071
40,0.2,12,weighted_manhattan,True,26,44,79,0.215200000184268
40,0.2,13,manhattan,True,23,64,101,0.29080000012982055
40,0.2,13,euclidean,True,23,129,167,0.5710000000362925
40,0.2,13,chebyshev,True,23,152,200,0.6478000000242901
40,0.2,13,weighted_manhattan,True,27,69,105,0.31790000002729357
40,0.2,14,manhattan,True,44,49,104,0.24359999997614068
40,0.2,14,euclidean,True,44,351,403,1.8315000002075976
40,0.2,14,chebyshev,True,44,435,499,2.1674999998140265
40,0.2,14,weighted_manhattan,True,44,49,104,0.2602999998089217
40,0.2,15,manhattan,True,17,32,63,0.15549999989161734
40,0.2,15,euclidean,True,17,37,65,0.17630000002100132
40,0.2,15,chebyshev,True,17,38,66,0.17380000008415664
40,0.2,15,weighted_manhattan,True,19,21,43,0.10440000005473848
40,0.2,16,manhattan,True,21,23,49,0.11420000009820797
40,0.2,16,euclidean,True,21,97,129,0.4189000001133536
40,0.2,16,chebyshev,True,21,111,151,0.48139999989871285
40,0.2,16,weighted_manhattan,True,21,23,49,0.11899999981324072
40,0.2,17,manhattan,True,23,24,60,0.1262999999198655
40,0.2,17,euclidean,True,23,105,137,0.5436999999801628
40,0.2,17,chebyshev,True,23,124,161,0.5256999997982348
40,0.2,17,weighted_manhattan,True,23,24,60,0.13059999992037774
40,0.2,18,manhattan,True,14,15,36,0.07850000019971048
40,0.2,18,euclidean,True,14,27,45,0.1243000001522887
40,0.2,18,chebyshev,True,14,32,49,0.13939999962531147
40,0.2,18,weighted_manhattan,True,14,15,36,0.0793999997767969
40,0.2,19,manhattan,True,49,105,179,0.4784999996445549
40,0.2,19,euclidean,True,49,440,477,2.1987000000081025
40,0.2,19,chebyshev,True,49,445,498,2.555800000209274
40,0.2,19,weighted_manhattan,True,51,104,174,0.5217000002630812
40,0.2,20,manhattan,True,38,102,155,0.4556999997475941
40,0.2,20,euclidean,True,38,247,314,1.0814000002028479
40,0.2,20,chebyshev,True,38,266,352,1.24420000020109
40,0.2,20,weighted_manhattan,True,38,48,92,0.24840000014592079
40,0.2,21,manhattan,True,35,44,92,0.21740000011050142
40,0.2,21,euclidean,True,35,337,389,1.433800000086194
40,0.2,21,chebyshev,True,35,381,450,1.6740000000936561
40,0.2,21,weighted_manhattan,True,37,40,85,0.2028000003519992
40,0.2,22,manhattan,True,38,204,282,1.3684000000466767
40,0.2,22,euclidean,True,38,311,344,1.330800000232557
40,0.2,22,chebyshev,True,38,359,408,1.5084999999999127
40,0.2,22,weighted_manhattan,True,40,133,192,0.5958000001555774
40,0.2,23,manhattan,True,19,32,53,0.14590000000680448
40,0.2,23,euclidean,True,19,69,93,0.29870000025766785
40,0.2,23,chebyshev,True,19,79,103,0.33870000015667756
40,0.2,23,weighted_manhattan,True,19,29,49,0.20119999999224092
40,0.2,24,manhattan,True,11,18,35,0.08679999973537633
40,0.2,24,euclidean,True,11,37,62,0.17170000000987784
40,0.2,24,chebyshev,True,11,42,67,0.1882000001387496
40,0.2,24,weighted_manhattan,True,11,18,35,0.08569999999963329
40,0.2,25,manhattan,True,10,11,26,0.06549999989147182
40,0.2,25,euclidean,True,10,23,41,0.10860000020329608
40,0.2,25,chebyshev,True,10,23,41,0.10640000027706265
40,0.2,25,weighted_manhattan,True,10,11,26,0.056999999742402
40,0.2,26,manhattan,True,29,38,84,0.19239999983255984
40,0.2,26,euclidean,True,29,189,236,0.8120000002236338
40,0.2,26,chebyshev,True,29,227,283,0.9712000000945409
40,0.2,26,weighted_manhattan,True,31,34,78,0.18020000015894766
40,0.2,27,manhattan,True,49,109,201,0.8981999999377877
40,0.2,27,euclidean,True,49,566,617,2.5982000001931738
40,0.2,27,chebyshev,True,49,574,655,2.4236999997810926
40,0.2,27,weighted_manhattan,True,55,65,134,0.3330999998070183
40,0.2,28,manhattan,True,27,74,120,0.35780000007434865
40,0.2,28,euclidean,True,27,147,180,0.6594999999833817
40,0.2,28,chebyshev,True,27,174,215,0.7289999998647545
40,0.2,28,weighted_manhattan,True,27,72,112,0.330399999711517
40,0.2,29,manhattan,True,7,8,20,0.0434999997196428
40,0.2,29,euclidean,True,7,8,20,0.042299999677197775
40,0.2,29,chebyshev,True,7,8,20,0.04200000012133387
40,0.2,29,weighted_manhattan,True,7,8,20,0.042499999835854396
40,0.3,0,manhattan,True,35,152,187,0.628599999799917
40,0.3,0,euclidean,True,35,223,256,0.9048000001712353
40,0.3,0,chebyshev,True,35,239,275,1.6531999999642721
40,0.3,0,weighted_manhattan,True,35,129,165,0.7684999995944963
40,0.3,1,manhattan,True,35,107,166,0.5019000000174856
40,0.3,1,euclidean,True,35,209,247,0.8940000002439774
40,0.3,1,chebyshev,True,35,242,280,0.9811000004447124
40,0.3,1,weighted_manhattan,True,41,87,112,0.36150000005363836
40,0.3,2,manhattan,True,33,76,128,0.39890000016384874
40,0.3,2,euclidean,True,33,156,186,0.6520000001728476
40,0.3,2,chebyshev,True,33,167,195,0.6909999997333216
40,0.3,2,weighted_manhattan,True,33,73,125,0.35220000017943676
40,0.3,3,manhattan,True,18,28,47,0.12849999984609894
40,0.3,3,euclidean,True,18,47,63,0.1957999998012383
40,0.3,3,chebyshev,True,18,51,65,0.20849999964411836
40,0.3,3,weighted_manhattan,True,18,28,47,0.1289000001634122
40,0.3,4,manhattan,True,29,39,77,0.18509999972593505
40,0.3,4,euclidean,True,29,90,113,0.38170000016179984
40,0.3,4,chebyshev,True,29,94,120,0.40459999991071527
40,0.3,4,weighted_manhattan,True,29,39,77,0.19280000014987309
40,0.3,5,manhattan,True,22,66,88,0.2731999998104584
40,0.3,5,euclidean,True,22,118,138,0.49489999992147204
40,0.3,5,chebyshev,True,22,130,154,0.5286999999043474
40,0.3,5,weighted_manhattan,True,22,47,65,0.21800000013172394
40,0.3,6,manhattan,True,63,401,510,1.778099999683036
40,0.3,6,euclidean,True,63,643,690,2.645900000061374
40,0.3,6,chebyshev,True,63,666,730,2.7347000000190747
40,0.3,6,weighted_manhattan,True,63,93,142,0.42559999974400853
40,0.3,7,manhattan,True,63,306,356,1.2401999997564417
40,0.3,7,euclidean,True,63,408,434,1.6325000001415901
40,0.3,7,chebyshev,True,63,446,471,2.2088000000621832
40,0.3,7,weighted_manhattan,True,63,230,269,1.3794999999845459
40,0.3,8,manhattan,True,25,62,96,0.3065999999307678
40,0.3,8,euclidean,True,25,118,143,0.5012999999962631
40,0.3,8,chebyshev,True,25,134,156,0.5744000000049709
40,0.3,8,weighted_manhattan,True,25,56,85,0.2538999997341307
40,0.3,9,manhattan,True,32,39,70,0.19100000008620555
40,0.3,9,euclidean,True,32,152,180,0.6404999999176653
40,0.3,9,chebyshev,True,32,184,220,0.7730000002084125
40,0.3,9,weighted_manhattan,True,32,39,70,0.184100000296894
40,0.3,10,manhattan,True,55,416,560,1.8600000003061723
40,0.3,10,euclidean,True,55,689,727,2.8667999999925087
40,0.3,10,chebyshev,True,55,715,776,3.9459999998143758
40,0.3,10,weighted_manhattan,True,59,114,181,0.5482000001393317
40,0.3,11,manhattan,True,49,68,123,0.31969999963621376
40,0.3,11,euclidean,True,49,353,406,1.4720999997734907
40,0.3,11,chebyshev,True,49,369,427,1.5220999998746265
40,0.3,11,weighted_manhattan,True,49,69,123,0.3334999996695842
40,0.3,12,manhattan,True,44,229,284,0.9532999997645675
40,0.3,12,euclidean,True,44,328,362,1.3320999996722094
40,0.3,12,chebyshev,True,44,361,412,1.481599999806349
40,0.3,12,weighted_manhattan,True,48,200,240,1.5816999998605752
40,0.3,13,manhattan,True,23,59,75,0.2620000000206346
40,0.3,13,euclidean,True,23,107,125,0.4378000003271154
40,0.3,13,chebyshev,True,23,122,145,0.511999999616819
40,0.3,13,weighted_manhattan,True,23,53,67,0.22119999994174577
40,0.3,14,manhattan,True,26,61,86,0.2610000001368462
40,0.3,14,euclidean,True,26,104,121,0.42619999976523104
40,0.3,14,chebyshev,True,26,105,122,0.4183000000921311
40,0.3,14,weighted_manhattan,True,30,52,71,0.2276000000165368
40,0.3,15,manhattan,True,42,137,192,0.6023999999342777
40,0.3,15,euclidean,True,42,347,398,1.4611000001423236
40,0.3,15,chebyshev,True,42,391,446,1.6347999999197782
40,0.3,15,weighted_manhattan,True,42,54,99,0.2663999998731015
40,0.3,16,manhattan,True,31,91,122,0.3876999999192776
40,0.3,16,euclidean,True,31,136,159,0.5642000000989356
40,0.3,16,chebyshev,True,31,159,184,0.6548000001203036
40,0.3,16,weighted_manhattan,True,33,65,92,0.28920000022480963
40,0.3,17,manhattan,True,37,87,121,0.3872999996019644
40,0.3,17,euclidean,True,37,229,271,0.9399999999004649
40,0.3,17,chebyshev,True,37,267,313,1.0965999999825726
40,0.3,17,weighted_manhattan,True,39,72,102,0.3195999997842591
40,0.3,18,manhattan,True,35,73,104,0.30900000001565786
40,0.3,18,euclidean,True,35,121,146,0.503999999637017
40,0.3,18,chebyshev,True,35,140,172,0.5725999999413034
40,0.3,18,weighted_manhattan,True,35,73,104,0.3285000002506422
40,0.3,19,manhattan,True,33,90,111,0.3822000003310677
40,0.3,19,euclidean,True,33,121,137,0.49300000000584987
40,0.3,19,chebyshev,True,33,127,144,0.5177000002731802
40,0.3,19,weighted_manhattan,True,33,74,97,0.32549999968978227
40,0.3,20,manhattan,True,51,224,287,1.753500000177155
40,0.3,20,euclidean,True,51,347,375,1.9624999999905413
40,0.3,20,chebyshev,True,51,365,396,1.5687000000070839
40,0.3,20,weighted_manhattan,True,51,75,119,0.34509999977672123
40,0.3,21,manhattan,True,26,28,50,0.13040000021646847
40,0.3,21,euclidean,True,26,97,133,0.40880000005927286
40,0.3,21,chebyshev,True,26,130,167,0.5424000000857632
40,0.3,21,weighted_manhattan,True,26,28,50,0.13119999994160025
40,0.3,22,manhattan,True,47,151,218,0.6574000003638503
40,0.3,22,euclidean,True,47,231,268,0.9697000000414846
40,0.3,22,chebyshev,True,47,262,308,1.1900999998033512
40,0.3,22,weighted_manhattan,True,51,119,177,0.5435000002762536
40,0.3,23,manhattan,True,9,12,16,0.04949999993186793
40,0.3,23,euclidean,True,9,15,19,0.058600000102160266
40,0.3,23,chebyshev,True,9,17,21,0.06540000003951718
40,0.3,23,weighted_manhattan,True,9,12,16,0.046999999995023245
40,0.3,24,manhattan,True,31,100,144,0.6124999999883585
40,0.3,24,euclidean,True,31,195,223,1.2980999999854248
40,0.3,24,chebyshev,True,31,215,244,1.1359999998603598
40,0.3,24,weighted_manhattan,True,33,82,128,0.38580000000365544
40,0.3,25,manhattan,True,48,74,136,0.34939999977723346
40,0.3,25,euclidean,True,48,363,406,1.4976000002207002
40,0.3,25,chebyshev,True,48,420,477,1.7323000001852051
40,0.3,25,weighted_manhattan,True,52,64,115,0.31300000000555883
40,0.3,26,manhattan,True,52,242,290,0.9936000001289358
40,0.3,26,euclidean,True,52,309,340,1.5734999997221166
40,0.3,26,chebyshev,True,52,327,365,1.325499999893509
40,0.3,26,weighted_manhattan,True,52,195,237,0.9522999998807791
40,0.3,27,manhattan,True,50,233,294,1.008700000056706
40,0.3,27,euclidean,True,50,369,404,1.612499999737338
40,0.3,27,chebyshev,True,50,404,438,1.6316000001097564
40,0.3,27,weighted_manhattan,True,52,107,153,0.48139999989871285
40,0.3,28,manhattan,True,23,51,75,0.22709999984726892
40,0.3,28,euclidean,True,23,86,103,0.4245000000082655
40,0.3,28,chebyshev,True,23,88,105,0.3602000001592387
40,0.3,28,weighted_manhattan,True,23,33,61,0.1681000003372901
40,0.3,29,manhattan,True,33,66,104,0.30030000016267877
40,0.3,29,euclidean,True,33,127,163,0.5433999999695516
40,0.3,29,chebyshev,True,33,133,169,0.5568000001403561
40,0.3,29,weighted_manhattan,True,33,46,81,0.22309999985736795
60,0.1,0,manhattan,True,27,28,76,0.24359999997614068
60,0.1,0,euclidean,True,27,143,189,0.852600000143866
60,0.1,0,chebyshev,True,27,161,214,0.8591999999225663
60,0.1,0,weighted_manhattan,True,27,28,76,0.16979999963950831
60,0.1,1,manhattan,True,70,161,329,0.8168000003934139
60,0.1,1,euclidean,True,70,1099,1222,4.760499999974854
60,0.1,1,chebyshev,True,70,1336,1507,6.442599999900267
60,0.1,1,weighted_manhattan,True,74,83,198,0.48389999983555754
60,0.1,2,manhattan,True,85,130,294,0.6995999997343461
60,0.1,2,euclidean,True,85,1897,1991,9.975200000098994
60,0.1,2,chebyshev,True,85,1901,2087,9.087999999792373
60,0.1,2,weighted_manhattan,True,89,90,220,0.5263000002742046
60,0.1,3,manhattan,True,21,42,82,0.41140000030281954
60,0.1,3,euclidean,True,21,96,138,0.7206999998743413
60,0.1,3,chebyshev,True,21,103,146,0.750500000322063
60,0.1,3,weighted_manhattan,True,21,23,55,0.21150000020497828
60,0.1,4,manhattan,True,14,28,58,0.30470000001514563
60,0.1,4,euclidean,True,14,37,62,0.26380000008430216
60,0.1,4,chebyshev,True,14,46,70,0.3169999999954598
60,0.1,4,weighted_manhattan,True,16,26,55,0.23139999984778115
60,0.1,5,manhattan,True,13,14,38,0.15570000005027396
60,0.1,5,euclidean,True,13,42,64,0.3496999997878447
60,0.1,5,chebyshev,True,13,49,75,0.2999000003001129
60,0.1,5,weighted_manhattan,True,13,14,38,0.11790000007749768
60,0.1,6,manhattan,True,30,32,82,0.24359999997614068
60,0.1,6,euclidean,True,30,45,95,0.29640000002473244
60,0.1,6,chebyshev,True,30,45,95,0.35010000010515796
60,0.1,6,weighted_manhattan,True,30,32,82,0.279900000350608
60,0.1,7,manhattan,True,34,47,109,0.42429999984960887
60,0.1,7,euclidean,True,34,329,390,2.2530000001097505
60,0.1,7,chebyshev,True,34,385,468,2.4601999998594692
60,0.1,7,weighted_manhattan,True,36,40,101,0.3656999997474486
60,0.1,8,manhattan,True,41,97,196,0.8296999999402033
60,0.1,8,euclidean,True,41,253,321,1.3517000002138957
60,0.1,8,chebyshev,True,41,285,361,1.44140000020343
60,0.1,8,weighted_manhattan,True,47,52,124,0.4020999999738706
60,0.1,9,manhattan,True,27,28,79,0.17179999986183248
60,0.1,9,euclidean,True,27,178,233,0.7901999997557141
60,0.1,9,chebyshev,True,27,210,274,0.9327999996457947
60,0.1,9,weighted_manhattan,True,27,28,79,0.16909999976633117
60,0.1,10,manhattan,True,18,19,51,0.13159999980416615
60,0.1,10,euclidean,True,18,82,115,0.42280000025129993
60,0.1,10,chebyshev,True,18,97,136,0.45390000013867393
60,0.1,10,weighted_manhattan,True,18,19,51,0.10939999992842786
60,0.1,11,manhattan,True,17,26,51,0.14569999984814785
60,0.1,11,euclidean,True,17,79,111,0.3868000003421912
60,0.1,11,chebyshev,True,17,88,121,0.37440000005517504
60,0.1,11,weighted_manhattan,True,17,23,46,0.11260000019319705
60,0.1,12,manhattan,True,5,6,15,0.03790000027947826
60,0.1,12,euclidean,True,5,6,15,0.032899999951041536
60,0.1,12,chebyshev,True,5,9,22,0.04640000042854808
60,0.1,12,weighted_manhattan,True,5,6,15,0.03169999990859651
60,0.1,13,manhattan,True,70,87,221,0.4764999998769781
60,0.1,13,euclidean,True,70,1506,1631,7.24869999976363
60,0.1,13,chebyshev,True,70,1698,1882,7.24099999979444
60,0.1,13,weighted_manhattan,True,72,74,196,0.45609999961016
60,0.1,14,manhattan,True,52,103,189,0.5616999997073435
60,0.1,14,euclidean,True,52,826,909,3.7141999996492814
60,0.1,14,chebyshev,True,52,954,1078,4.1091000002779765
60,0.1,14,weighted_manhattan,True,58,108,187,0.5254000002423709
60,0.1,15,manhattan,True,8,9,24,0.056599999879836105
60,0.1,15,euclidean,True,8,19,36,0.0976999999693362
60,0.1,15,chebyshev,True,8,21,40,0.10169999995923718
60,0.1,15,weighted_manhattan,True,8,9,24,0.050800000281014945
60,0.1,16,manhattan,True,7,8,18,0.04170000011072261
60,0.1,16,euclidean,True,7,16,28,0.07599999980811845
60,0.1,16,chebyshev,True,7,18,31,0.0824999997348641
60,0.1,16,weighted_manhattan,True,7,8,18,0.040499999613530235
60,0.1,17,manhattan,True,32,56,120,0.3017000003637804
60,0.1,17,euclidean,True,32,158,211,0.8480999999846972
60,0.1,17,chebyshev,True,32,178,234,1.0229999998045969
60,0.1,17,weighted_manhattan,True,32,53,117,0.3156000002491055
60,0.1,18,manhattan,True,59,117,239,0.6249000002753746
60,0.1,18,euclidean,True,59,1057,1155,4.702100000031351
60,0.1,18,chebyshev,True,59,1229,1391,5.927500000325381
60,0.1,18,weighted_manhattan,True,63,64,160,0.38359999962267466
60,0.1,19,manhattan,True,22,25,67,0.14220000002751476
60,0.1,19,euclidean,True,22,24,66,0.13889999991079094
60,0.1,19,chebyshev,True,22,24,66,0.13479999961418798
60,0.1,19,weighted_manhattan,True,22,25,67,0.14740000005986076
60,0.1,20,manhattan,True,54,119,262,0.6439999997382984
60,0.1,20,euclidean,True,54,650,719,2.8551999998853717
60,0.1,20,chebyshev,True,54,659,756,3.5342000001037377
60,0.1,20,weighted_manhattan,True,58,63,162,0.3878000002259796
60,0.1,21,manhattan,True,13,16,33,0.09659999977884581
60,0.1,21,euclidean,True,13,42,64,0.19459999975879327
60,0.1,21,chebyshev,True,13,47,71,0.20770000037373393
60,0.1,21,weighted_manhattan,True,13,16,33,0.07960000039020088
60,0.1,22,manhattan,True,43,51,124,0.2865000001293083
60,0.1,22,euclidean,True,43,508,566,2.2360000002663583
60,0.1,22,chebyshev,True,43,548,624,2.3910999998406623
60,0.1,22,weighted_manhattan,True,43,51,124,0.2976999999191321
60,0.1,23,manhattan,True,79,160,354,0.8745000000089931
60,0.1,23,euclidean,True,79,1559,1644,6.794900000386406
60,0.1,23,chebyshev,True,79,1563,1716,7.446900000104506
60,0.1,23,weighted_manhattan,True,81,84,220,0.5593999999291555
60,0.1,24,manhattan,True,37,56,122,0.3162999996675353
60,0.1,24,euclidean,True,37,417,478,1.8103000002156477
60,0.1,24,chebyshev,True,37,479,560,2.0775000002686284
60,0.1,24,weighted_manhattan,True,39,45,105,0.24649999977555126
60,0.1,25,manhattan,True,19,20,53,0.12620000006791088
60,0.1,25,euclidean,True,19,88,120,0.3925000000890577
60,0.1,25,chebyshev,True,19,104,139,0.5019999998694402
60,0.1,25,weighted_manhattan,True,19,20,53,0.11440000025686459
60,0.1,26,manhattan,True,17,45,72,0.2478999999766529
60,0.1,26,euclidean,True,17,73,102,0.331700000060664
60,0.1,26,chebyshev,True,17,81,112,0.37820000034116674
60,0.1,26,weighted_manhattan,True,17,47,74,0.2189000001635577
60,0.1,27,manhattan,True,22,23,53,0.1216000000567874
60,0.1,27,euclidean,True,22,118,158,0.5293999997775245
60,0.1,27,chebyshev,True,22,139,184,0.6186999999044929
60,0.1,27,weighted_manhattan,True,22,23,53,0.1235999998243642
60,0.1,28,manhattan,True,84,143,306,0.8471999999528634
60,0.1,28,euclidean,True,84,1802,1890,8.440799999789306
60,0.1,28,chebyshev,True,84,1825,1991,8.654399999613815
60,0.1,28,weighted_manhattan,True,88,92,225,0.5474999998114072
60,0.1,29,manhattan,True,22,25,55,0.2123999997820647
60,0.1,29,euclidean,True,22,133,173,0.7939000001897512
60,0.1,29,chebyshev,True,22,155,203,0.9129000000029919
60,0.1,29,weighted_manhattan,True,22,25,55,0.17600000001039007
60,0.2,0,manhattan,True,67,334,526,1.5286000002561195
60,0.2,0,euclidean,True,67,972,1061,4.865399999744113
60,0.2,0,chebyshev,True,67,1126,1241,4.671799999869108
60,0.2,0,weighted_manhattan,True,77,225,339,1.0956000000987842
60,0.2,1,manhattan,True,56,66,142,0.34469999991415534
60,0.2,1,euclidean,True,56,750,831,3.518399999848043
60,0.2,1,chebyshev,True,56,871,994,3.952699999899778
60,0.2,1,weighted_manhattan,True,56,66,142,0.35149999985151226
60,0.2,2,manhattan,True,5,6,12,0.031600000056641875
60,0.2,2,euclidean,True,5,6,12,0.030100000003585592
60,0.2,2,chebyshev,True,5,8,16,0.03749999996216502
60,0.2,2,weighted_manhattan,True,5,6,12,0.02790000007735216
60,0.2,3,manhattan,True,62,223,376,1.0622999998304294
60,0.2,3,euclidean,True,62,729,804,5.078099999991537
60,0.2,3,chebyshev,True,62,829,954,3.5063000000263855
60,0.2,3,weighted_manhattan,True,70,78,161,0.40310000031240634
60,0.2,4,manhattan,True,55,255,359,1.6626000001451757
60,0.2,4,euclidean,True,55,516,593,2.5979000001825625
60,0.2,4,chebyshev,True,55,577,686,2.5986999999076943
60,0.2,4,weighted_manhattan,True,57,100,176,0.5086000001028879
60,0.2,5,manhattan,True,22,61,100,0.28199999997013947
60,0.2,5,euclidean,True,22,113,143,0.4982999998901505
60,0.2,5,chebyshev,True,22,125,157,0.5182999998396554
60,0.2,5,weighted_manhattan,True,22,23,49,0.12070000002495362
60,0.2,6,manhattan,True,6,10,21,0.059100000271428144
60,0.2,6,euclidean,True,6,7,17,0.04279999984646565
60,0.2,6,chebyshev,True,6,7,17,0.03879999985656468
60,0.2,6,weighted_manhattan,True,6,10,21,0.05030000011174707
60,0.2,7,manhattan,True,73,309,418,1.4295999999376363
60,0.2,7,euclidean,True,73,587,654,2.7803000002677436
60,0.2,7,chebyshev,True,73,641,747,2.7995000000373693
60,0.2,7,weighted_manhattan,True,77,173,273,0.8537999997315637
60,0.2,8,manhattan,True,44,142,242,0.6773000000066531
60,0.2,8,euclidean,True,44,246,294,1.0365999996793107
60,0.2,8,chebyshev,True,44,262,316,1.0877999998228916
60,0.2,8,weighted_manhattan,True,44,56,110,0.2805999997690378
60,0.2,9,manhattan,True,40,89,153,0.7550999998784391
60,0.2,9,euclidean,True,40,215,252,1.2720000004264875
60,0.2,9,chebyshev,True,40,257,312,1.0707999999794993
60,0.2,9,weighted_manhattan,True,42,63,110,0.3004000000146334
60,0.2,10,manhattan,True,8,9,21,0.06819999998697313
60,0.2,10,euclidean,True,8,13,26,0.08909999996831175
60,0.2,10,chebyshev,True,8,15,28,0.09869999985312461
60,0.2,10,weighted_manhattan,True,8,9,21,0.062399999933404615
60,0.2,11,manhattan,True,41,153,231,0.734799999918323
60,0.2,11,euclidean,True,41,308,366,1.3359999998101557
60,0.2,11,chebyshev,True,41,351,421,1.476500000080705
60,0.2,11,weighted_manhattan,True,47,91,155,0.4414999998516578
60,0.2,12,manhattan,True,82,226,378,1.1092999998254527
60,0.2,12,euclidean,True,82,1629,1734,6.898999999975786
60,0.2,12,chebyshev,True,82,1844,2010,8.610500000031607
60,0.2,12,weighted_manhattan,True,88,112,211,0.5730000002586166
60,0.2,13,manhattan,True,42,49,101,0.246300000071642
60,0.2,13,euclidean,True,42,300,355,1.26780000027793
60,0.2,13,chebyshev,True,42,389,460,1.6404999996666447
60,0.2,13,weighted_manhattan,True,42,49,101,0.24990000019897707
60,0.2,14,manhattan,True,46,47,107,0.41959999998653075
60,0.2,14,euclidean,True,46,344,405,1.853099999607366
60,0.2,14,chebyshev,True,46,413,500,2.4352999998882296
60,0.2,14,weighted_manhattan,True,46,47,107,0.2546999999140098
60,0.2,15,manhattan,True,29,48,81,0.2199000000473461
60,0.2,15,euclidean,True,29,112,149,0.4905999999209598
60,0.2,15,chebyshev,True,29,126,169,0.531300000147894
60,0.2,15,weighted_manhattan,True,29,44,76,0.20689999973910744
60,0.2,16,manhattan,True,63,76,147,0.3682999999909953
60,0.2,16,euclidean,True,63,922,1014,4.587699999774486
60,0.2,16,chebyshev,True,63,1090,1241,4.921000000194908
60,0.2,16,weighted_manhattan,True,63,76,147,0.3895999998348998
60,0.2,17,manhattan,True,55,258,360,1.1526000002959336
60,0.2,17,euclidean,True,55,597,683,2.7960000002167362
60,0.2,17,chebyshev,True,55,701,808,3.009900000051857
60,0.2,17,weighted_manhattan,True,57,116,189,0.5543000002035114
60,0.2,18,manhattan,True,38,109,188,0.5234000000200467
60,0.2,18,euclidean,True,38,363,413,1.549099999920145
60,0.2,18,chebyshev,True,38,399,461,1.6774000000623346
60,0.2,18,weighted_manhattan,True,42,62,113,0.3206999999747495
60,0.2,19,manhattan,True,20,21,42,0.11059999997087289
60,0.2,19,euclidean,True,20,77,97,0.3268999998908839
60,0.2,19,chebyshev,True,20,86,115,0.3637999998318264
60,0.2,19,weighted_manhattan,True,20,21,42,0.1042999997480365
60,0.2,20,manhattan,True,29,36,70,0.19609999981184956
60,0.2,20,euclidean,True,29,213,256,0.9158000002571498
60,0.2,20,chebyshev,True,29,253,309,1.0913999999502266
60,0.2,20,weighted_manhattan,True,29,36,70,0.18309999995835824
60,0.2,21,manhattan,True,51,312,438,1.4158999997562205
60,0.2,21,euclidean,True,51,521,578,2.2174000000632077
60,0.2,21,chebyshev,True,51,558,629,2.385099999628437
60,0.2,21,weighted_manhattan,True,57,93,148,0.43830000004163594
60,0.2,22,manhattan,True,95,368,626,1.7891000002236979
60,0.2,22,euclidean,True,95,1881,1957,7.978000000093743
60,0.2,22,chebyshev,True,95,1884,2073,7.847400000173366
60,0.2,22,weighted_manhattan,True,101,187,342,0.9468999996897765
60,0.2,23,manhattan,True,35,147,212,0.6557000001521374
60,0.2,23,euclidean,True,35,282,331,1.204300000154035
60,0.2,23,chebyshev,True,35,332,397,1.6158999997060164
60,0.2,23,weighted_manhattan,True,39,71,109,0.7795999999871128
60,0.2,24,manhattan,True,11,19,39,0.10209999982180307
60,0.2,24,euclidean,True,11,23,36,0.10789999987537158
60,0.2,24,chebyshev,True,11,25,38,0.11059999997087289
60,0.2,24,weighted_manhattan,True,11,19,39,0.09640000007493654
60,0.2,25,manhattan,True,52,130,225,0.8652999999867461
60,0.2,25,euclidean,True,52,676,747,3.7547000001723063
60,0.2,25,chebyshev,True,52,798,906,3.4768000000440225
60,0.2,25,weighted_manhattan,True,58,119,209,0.5831000003126974
60,0.2,26,manhattan,True,15,47,79,0.24260000009235227
60,0.2,26,euclidean,True,15,73,95,0.30990000004749163
60,0.2,26,chebyshev,True,15,78,104,0.33429999984946335
60,0.2,26,weighted_manhattan,True,15,20,44,0.11279999989710632
60,0.2,27,manhattan,True,34,46,81,0.21809999998367857
60,0.2,27,euclidean,True,34,276,314,1.1601999999584223
60,0.2,27,chebyshev,True,34,306,353,1.2831000003643567
60,0.2,27,weighted_manhattan,True,34,46,81,0.2237999997305451
60,0.2,28,manhattan,True,64,279,362,1.2125000002924935
60,0.2,28,euclidean,True,64,490,556,2.1240999999463384
60,0.2,28,chebyshev,True,64,545,638,2.2965000002841407
60,0.2,28,weighted_manhattan,True,64,105,181,0.5059000000073866
60,0.2,29,manhattan,True,59,70,147,0.3604000003178953
60,0.2,29,euclidean,True,59,757,827,4.337600000326347
60,0.2,29,chebyshev,True,59,841,941,6.035899999915273
60,0.2,29,weighted_manhattan,True,59,70,147,0.4856999998992251
60,0.3,0,manhattan,True,27,80,114,0.6253999999898952
60,0.3,0,euclidean,True,27,118,151,0.5023999997320061
60,0.3,0,chebyshev,True,27,144,177,0.5958000001555774
60,0.3,0,weighted_manhattan,True,29,56,80,0.3608000001804612
60,0.3,1,manhattan,True,29,95,128,0.5956999998488754
60,0.3,1,euclidean,True,29,134,146,0.7954999996400147
60,0.3,1,chebyshev,True,29,141,159,0.8302999999614258
60,0.3,1,weighted_manhattan,True,31,43,65,0.2768999997897481
60,0.3,2,manhattan,True,66,422,526,2.5709999999889988
60,0.3,2,euclidean,True,66,566,602,3.8661000003230583
60,0.3,2,chebyshev,True,66,609,669,3.7000999996052997
60,0.3,2,weighted_manhattan,True,66,142,210,0.9580000000823929
60,0.3,3,manhattan,True,50,267,320,1.6432000002168934
60,0.3,3,euclidean,True,50,441,490,2.8358000004118367
60,0.3,3,chebyshev,True,50,510,570,3.0754999997952837
60,0.3,3,weighted_manhattan,True,50,94,130,0.6048000000191678
60,0.3,4,manhattan,True,40,266,346,1.7035999999279738
60,0.3,4,euclidean,True,40,407,458,2.159000000119704
60,0.3,4,chebyshev,True,40,451,516,1.844600000367791
60,0.3,4,weighted_manhattan,True,40,206,271,0.9041999996952654
60,0.3,5,manhattan,True,59,345,456,1.5129999997043342
60,0.3,5,euclidean,True,59,609,660,2.5632000001678534
60,0.3,5,chebyshev,True,59,733,826,3.007199999956356
60,0.3,5,weighted_manhattan,True,59,93,157,0.4389999999148131
60,0.3,6,manhattan,True,92,973,1141,4.100999999991473
60,0.3,6,euclidean,True,92,1423,1494,6.186799999795767
60,0.3,6,chebyshev,True,92,1577,1689,6.4949999996315455
60,0.3,6,weighted_manhattan,True,92,931,1085,4.784300000210351
60,0.3,7,manhattan,True,4,5,12,0.04930000022795866
60,0.3,7,euclidean,True,4,6,14,0.04839999974137754
60,0.3,7,chebyshev,True,4,6,14,0.04450000005817856
60,0.3,7,weighted_manhattan,True,4,5,12,0.037600000268867007
60,0.3,8,manhattan,True,59,196,270,1.2507999999797903
60,0.3,8,euclidean,True,59,311,344,1.8970000000990694
60,0.3,8,chebyshev,True,59,352,383,2.0933999999215303
60,0.3,8,weighted_manhattan,True,63,93,139,0.6258000003072084
60,0.3,9,manhattan,True,39,104,136,0.44699999989461503
60,0.3,9,euclidean,True,39,166,202,0.6819999998697313
60,0.3,9,chebyshev,True,39,195,239,0.7978999997249048
60,0.3,9,weighted_manhattan,True,41,79,109,0.33839999969131895
60,0.3,10,manhattan,True,22,54,73,0.22469999976237887
60,0.3,10,euclidean,True,22,71,84,0.2903000004153
60,0.3,10,chebyshev,True,22,85,109,0.3475999997135659
60,0.3,10,weighted_manhattan,True,22,54,73,0.22740000031262753
60,0.3,11,manhattan,True,41,187,251,0.80630000002202
60,0.3,11,euclidean,True,41,315,356,1.2999000000490923
60,0.3,11,chebyshev,True,41,359,410,1.476100000218139
60,0.3,11,weighted_manhattan,True,41,57,94,0.33269999994445243
60,0.3,12,manhattan,True,35,85,142,0.408299999890005
60,0.3,12,euclidean,True,35,160,189,0.6654999997408595
60,0.3,12,chebyshev,True,35,170,198,0.7019999998192361
60,0.3,12,weighted_manhattan,True,35,47,90,0.23370000008071656
60,0.3,13,manhattan,True,65,233,336,1.0397000000921253
60,0.3,13,euclidean,True,65,782,850,3.1673999997110514
60,0.3,13,chebyshev,True,65,941,1036,3.792400000293128
60,0.3,13,weighted_manhattan,True,73,160,240,0.7402000001093256
60,0.3,14,manhattan,True,31,228,273,0.9294000001318636
60,0.3,14,euclidean,True,31,305,353,1.3684000000466767
60,0.3,14,chebyshev,True,31,330,379,1.3306000000739004
60,0.3,14,weighted_manhattan,True,31,230,277,0.9509999999863794
60,0.3,15,manhattan,True,40,87,144,0.39589999960298883
60,0.3,15,euclidean,True,40,296,346,1.2539999997898121
60,0.3,15,chebyshev,True,40,357,414,1.4922999998816522
60,0.3,15,weighted_manhattan,True,44,88,141,0.41050000027098577
60,0.3,16,manhattan,True,26,37,62,0.17040000011547818
60,0.3,16,euclidean,True,26,53,70,0.22049999961382127
60,0.3,16,chebyshev,True,26,53,70,0.21640000022671302
60,0.3,16,weighted_manhattan,True,26,33,59,0.15570000005027396
60,0.3,17,manhattan,True,87,1137,1378,4.803699999683886
60,0.3,17,euclidean,True,87,1624,1673,6.595100000140519
60,0.3,17,chebyshev,True,87,1702,1795,6.784400000015012
60,0.3,17,weighted_manhattan,True,89,656,805,2.889800000048126
60,0.3,18,manhattan,True,50,292,364,1.2334000002738321
60,0.3,18,euclidean,True,50,430,469,2.219599999989441
60,0.3,18,chebyshev,True,50,451,507,2.7276000000711065
60,0.3,18,weighted_manhattan,True,50,221,272,1.3948999999229272
60,0.3,19,manhattan,True,64,243,323,1.5782999998918967
60,0.3,19,euclidean,True,64,568,636,3.5155000000486325
60,0.3,19,chebyshev,True,64,707,798,3.0683999998473155
60,0.3,19,weighted_manhattan,True,66,133,195,0.5954999996902188
60,0.3,20,manhattan,True,76,240,352,1.0763000000224565
60,0.3,20,euclidean,True,76,803,865,3.953500000079657
60,0.3,20,chebyshev,True,76,879,958,3.6059999997632985
60,0.3,20,weighted_manhattan,True,82,152,229,0.6886999999551335
60,0.3,21,manhattan,True,64,436,521,1.8159999999625143
60,0.3,21,euclidean,True,64,727,790,3.7727999997514416
60,0.3,21,chebyshev,True,64,848,938,3.50639999987834
60,0.3,21,weighted_manhattan,True,66,227,296,0.9790000003704336
60,0.3,22,manhattan,True,22,23,54,0.11999999969702912
60,0.3,22,euclidean,True,22,71,104,0.3151000000798376
60,0.3,22,chebyshev,True,22,96,123,0.404199999593402
60,0.3,22,weighted_manhattan,True,22,23,54,0.12370000013106619
60,0.3,23,manhattan,True,70,260,315,1.1059999997087289
60,0.3,23,euclidean,True,70,531,585,2.18059999997422
60,0.3,23,chebyshev,True,70,656,730,2.659100000073522
60,0.3,23,weighted_manhattan,True,70,220,269,0.9611000000404601
60,0.3,24,manhattan,True,44,156,235,0.9119999999711581
60,0.3,24,euclidean,True,44,354,393,1.871599999958562
60,0.3,24,chebyshev,True,44,371,414,2.1006000001762004
60,0.3,24,weighted_manhattan,True,44,46,89,0.26690000004236936
60,0.3,25,manhattan,True,48,232,273,0.9410000002390007
60,0.3,25,euclidean,True,48,438,491,1.77529999973558
60,0.3,25,chebyshev,True,48,507,575,2.0417999999153835
60,0.3,25,weighted_manhattan,True,48,140,178,0.5885999999009073
60,0.3,26,manhattan,True,4,5,8,0.024399999801971717
60,0.3,26,euclidean,True,4,5,9,0.023500000224885298
60,0.3,26,chebyshev,True,4,5,9,0.021699999706470408
60,0.3,26,weighted_manhattan,True,4,5,8,0.020500000118772732
60,0.3,27,manhattan,True,83,341,462,1.4421999999285617
60,0.3,27,euclidean,True,83,1229,1281,5.0343000002612825
60,0.3,27,chebyshev,True,83,1243,1345,5.071000000043568
60,0.3,27,weighted_manhattan,True,87,142,211,0.6394000001819222
60,0.3,28,manhattan,True,86,380,549,1.6752000001361012
60,0.3,28,euclidean,True,86,1094,1139,4.414799999722163
60,0.3,28,chebyshev,True,86,1108,1191,4.483499999878404
60,0.3,28,weighted_manhattan,True,88,140,223,0.6549999998242129
60,0.3,29,manhattan,True,23,51,85,0.2893999999287189
60,0.3,29,euclidean,True,23,101,124,0.4245000000082655
60,0.3,29,chebyshev,True,23,108,132,0.44139999999970314
60,0.3,29,weighted_manhattan,True,25,44,75,0.20820000008825446
