grid_size,density,trial,weight,found,cost,nodes_expanded,runtime_ms
30,0.15,0,1.0,True,15,16,0.130899999930989
30,0.15,0,1.1,True,15,16,0.09040000031745876
30,0.15,0,1.2,True,15,16,0.0876999997672101
30,0.15,0,1.5,True,15,16,0.08680000019012368
30,0.15,0,1.75,True,15,16,0.10099999963131268
30,0.15,0,2.0,True,15,16,0.08699999989403295
30,0.15,0,2.5,True,15,16,0.08709999974598759
30,0.15,0,3.0,True,15,16,0.08699999989403295
30,0.15,1,1.0,True,43,50,0.2978000002258341
30,0.15,1,1.1,True,43,50,0.26180000031672535
30,0.15,1,1.2,True,43,50,0.3728000001501641
30,0.15,1,1.5,True,43,50,0.36150000005363836
30,0.15,1,1.75,True,43,50,0.3515999997034669
30,0.15,1,2.0,True,43,50,0.3586000002542278
30,0.15,1,2.5,True,43,50,0.3640999998424377
30,0.15,1,3.0,True,43,50,0.34430000005158945
30,0.15,2,1.0,True,6,7,0.05469999996421393
30,0.15,2,1.1,True,6,7,0.05229999987932388
30,0.15,2,1.2,True,6,7,0.049700000090524554
30,0.15,2,1.5,True,6,7,0.0638999999864609
30,0.15,2,1.75,True,6,7,0.048100000185513636
30,0.15,2,2.0,True,6,7,0.058200000239594374
30,0.15,2,2.5,True,6,7,0.05160000000614673
30,0.15,2,3.0,True,6,7,0.04799999987881165
30,0.15,3,1.0,True,10,11,0.0855999996929313
30,0.15,3,1.1,True,10,11,0.07919999961814028
30,0.15,3,1.2,True,10,11,0.10100000008606003
30,0.15,3,1.5,True,10,11,0.07330000016736449
30,0.15,3,1.75,True,10,11,0.08579999985158793
30,0.15,3,2.0,True,10,11,0.0729000003047986
30,0.15,3,2.5,True,10,11,0.08339999976669787
30,0.15,3,3.0,True,10,11,0.06530000018756255
30,0.15,4,1.0,True,15,22,0.11390000008759671
30,0.15,4,1.1,True,15,22,0.11580000000321888
30,0.15,4,1.2,True,15,22,0.10220000012850505
30,0.15,4,1.5,True,15,19,0.08839999964038725
30,0.15,4,1.75,True,15,19,0.08699999989403295
30,0.15,4,2.0,True,15,19,0.08780000007391209
30,0.15,4,2.5,True,15,19,0.0949999998738349
30,0.15,4,3.0,True,15,19,0.09600000021237065
30,0.15,5,1.0,True,24,80,0.3806999998232641
30,0.15,5,1.1,True,24,80,0.3787999999076419
30,0.15,5,1.2,True,24,70,0.3271999999014952
30,0.15,5,1.5,True,24,45,0.20810000023629982
30,0.15,5,1.75,True,24,37,0.17150000030596857
30,0.15,5,2.0,True,24,34,0.16649999997753184
30,0.15,5,2.5,True,24,34,0.1594999998815183
30,0.15,5,3.0,True,24,31,0.15029999985927134
30,0.15,6,1.0,True,46,85,0.4519000003710971
30,0.15,6,1.1,True,46,85,0.4291999998713436
30,0.15,6,1.2,True,48,75,0.3882000000885455
30,0.15,6,1.5,True,50,71,0.3668999997898936
30,0.15,6,1.75,True,50,73,0.36809999983233865
30,0.15,6,2.0,True,50,62,0.30640000022685854
30,0.15,6,2.5,True,50,62,0.304600000163191
30,0.15,6,3.0,True,52,59,0.30330000026879134
30,0.15,7,1.0,True,15,20,0.1661999999669206
30,0.15,7,1.1,True,15,20,0.13140000010025688
30,0.15,7,1.2,True,15,20,0.12800000013157842
30,0.15,7,1.5,True,15,20,0.1287999998567102
30,0.15,7,1.75,True,15,19,0.12409999999363208
30,0.15,7,2.0,True,15,18,0.16959999993559904
30,0.15,7,2.5,True,15,18,0.1316000002589135
30,0.15,7,3.0,True,15,18,0.1208999997288629
30,0.15,8,1.0,True,17,25,0.14180000016494887
30,0.15,8,1.1,True,17,25,0.14000000010128133
30,0.15,8,1.2,True,17,25,0.13340000032258104
30,0.15,8,1.5,True,19,20,0.10870000005525071
30,0.15,8,1.75,True,19,20,0.10950000023512985
30,0.15,8,2.0,True,19,20,0.1160000001618755
30,0.15,8,2.5,True,19,20,0.11599999970712815
30,0.15,8,3.0,True,19,20,0.1133000000663742
30,0.15,9,1.0,True,24,26,0.14760000021851738
30,0.15,9,1.1,True,24,26,0.14660000033472897
30,0.15,9,1.2,True,24,26,0.1474999999118154
30,0.15,9,1.5,True,24,26,0.14549999968949123
30,0.15,9,1.75,True,24,26,0.14069999997445848
30,0.15,9,2.0,True,24,26,0.14099999998506973
30,0.15,9,2.5,True,24,26,0.14989999999670545
30,0.15,9,3.0,True,24,26,0.14069999997445848
30,0.15,10,1.0,True,7,8,0.04450000005817856
30,0.15,10,1.1,True,7,8,0.04089999993084348
30,0.15,10,1.2,True,7,8,0.04069999977218686
30,0.15,10,1.5,True,7,8,0.03990000004705507
30,0.15,10,1.75,True,7,8,0.03980000019510044
30,0.15,10,2.0,True,7,8,0.040099999750964344
30,0.15,10,2.5,True,7,8,0.03990000004705507
30,0.15,10,3.0,True,7,8,0.04020000005766633
30,0.15,11,1.0,True,18,19,0.11319999975967221
30,0.15,11,1.1,True,18,19,0.10400000019217259
30,0.15,11,1.2,True,18,19,0.10879999990720535
30,0.15,11,1.5,True,18,19,0.10330000031899544
30,0.15,11,1.75,True,18,19,0.10620000011840602
30,0.15,11,2.0,True,18,19,0.10270000029777293
30,0.15,11,2.5,True,18,19,0.10280000014972757
30,0.15,11,3.0,True,18,19,0.10239999983241432
30,0.15,12,1.0,True,7,8,0.04619999981514411
30,0.15,12,1.1,True,7,8,0.03890000016326667
30,0.15,12,1.2,True,7,8,0.038099999983387534
30,0.15,12,1.5,True,7,8,0.046799999836366624
30,0.15,12,1.75,True,7,8,0.0380000001314329
30,0.15,12,2.0,True,7,8,0.03819999983534217
30,0.15,12,2.5,True,7,8,0.03770000012082164
30,0.15,12,3.0,True,7,8,0.03790000027947826
30,0.15,13,1.0,True,30,32,0.19350000002305023
30,0.15,13,1.1,True,30,32,0.18710000040300656
30,0.15,13,1.2,True,30,32,0.1762000001690467
30,0.15,13,1.5,True,30,32,0.17170000000987784
30,0.15,13,1.75,True,30,32,0.17130000014731195
30,0.15,13,2.0,True,30,32,0.18140000020139269
30,0.15,13,2.5,True,30,32,0.1762000001690467
30,0.15,13,3.0,True,30,32,0.17639999987295596
30,0.15,14,1.0,True,23,24,0.14160000000629225
30,0.15,14,1.1,True,23,24,0.12659999993047677
30,0.15,14,1.2,True,23,24,0.12519999972937512
30,0.15,14,1.5,True,23,24,0.1247000000148546
30,0.15,14,1.75,True,23,24,0.1277999999729218
30,0.15,14,2.0,True,23,24,0.14509999982692534
30,0.15,14,2.5,True,23,24,0.12510000033216784
30,0.15,14,3.0,True,23,24,0.12560000004668836
30,0.15,15,1.0,True,29,130,0.887700000021141
30,0.15,15,1.1,True,29,114,0.5560999998124316
30,0.15,15,1.2,True,29,75,0.36460000001170556
30,0.15,15,1.5,True,29,38,0.1926999998431711
30,0.15,15,1.75,True,29,38,0.18099999988407944
30,0.15,15,2.0,True,29,37,0.17690000004222384
30,0.15,15,2.5,True,29,37,0.17660000003161258
30,0.15,15,3.0,True,29,38,0.18970000019180588
30,0.15,16,1.0,True,21,22,0.12130000004617614
30,0.15,16,1.1,True,21,22,0.11560000029930961
30,0.15,16,1.2,True,21,22,0.12169999990874203
30,0.15,16,1.5,True,21,22,0.1156999996965169
30,0.15,16,1.75,True,21,22,0.1312999997935549
30,0.15,16,2.0,True,21,22,0.11559999984456226
30,0.15,16,2.5,True,21,22,0.11469999981272849
30,0.15,16,3.0,True,21,22,0.1150000002780871
30,0.15,17,1.0,True,2,3,0.017600000319362152
30,0.15,17,1.1,True,2,3,0.014199999895936344
30,0.15,17,1.2,True,2,3,0.01359999987471383
30,0.15,17,1.5,True,2,3,0.013200000012147939
30,0.15,17,1.75,True,2,3,0.013200000012147939
30,0.15,17,2.0,True,2,3,0.013000000308238668
30,0.15,17,2.5,True,2,3,0.012900000001536682
30,0.15,17,3.0,True,2,3,0.012999999853491317
30,0.15,18,1.0,True,22,23,0.1395000003867608
30,0.15,18,1.1,True,22,23,0.12860000015280093
30,0.15,18,1.2,True,22,23,0.12820000029023504
30,0.15,18,1.5,True,22,23,0.12860000015280093
30,0.15,18,1.75,True,22,23,0.12809999998353305
30,0.15,18,2.0,True,22,23,0.1277999999729218
30,0.15,18,2.5,True,22,23,0.13110000008964562
30,0.15,18,3.0,True,22,23,0.12960000003658934
30,0.15,19,1.0,True,5,6,0.03550000019458821
30,0.15,19,1.1,True,5,6,0.03199999991920777
30,0.15,19,1.2,True,5,6,0.031600000056641875
30,0.15,19,1.5,True,5,6,0.031600000056641875
30,0.15,19,1.75,True,5,6,0.03130000004603062
30,0.15,19,2.0,True,5,6,0.031600000056641875
30,0.15,19,2.5,True,5,6,0.031100000342121348
30,0.15,19,3.0,True,5,6,0.031200000194075983
30,0.15,20,1.0,True,33,52,0.2953000002889894
30,0.15,20,1.1,True,33,52,0.26669999988371274
30,0.15,20,1.2,True,33,52,0.2712000000428816
30,0.15,20,1.5,True,35,40,0.20670000003519817
30,0.15,20,1.75,True,35,40,0.20549999999275315
30,0.15,20,2.0,True,35,40,0.21769999966636533
30,0.15,20,2.5,True,35,40,0.21400000014182297
30,0.15,20,3.0,True,37,40,0.20389999963299488
30,0.15,21,1.0,True,28,60,0.3093000000262691
30,0.15,21,1.1,True,28,60,0.31619999981558067
30,0.15,21,1.2,True,28,60,0.3061000002162473
30,0.15,21,1.5,True,30,41,0.2113999998982763
30,0.15,21,1.75,True,30,41,0.22600000011152588
30,0.15,21,2.0,True,32,39,0.2641000000949134
30,0.15,21,2.5,True,32,39,0.2523000002838671
30,0.15,21,3.0,True,32,36,0.2365000000281725
30,0.15,22,1.0,True,18,19,0.16030000006139744
30,0.15,22,1.1,True,18,19,0.13900000021749293
30,0.15,22,1.2,True,18,19,0.1328999996985658
30,0.15,22,1.5,True,18,19,0.13239999998404528
30,0.15,22,1.75,True,18,19,0.13930000022810418
30,0.15,22,2.0,True,18,19,0.13429999989966745
30,0.15,22,2.5,True,18,19,0.1467000001866836
30,0.15,22,3.0,True,18,19,0.10990000009769574
30,0.15,23,1.0,True,22,46,0.22650000028079376
30,0.15,23,1.1,True,22,46,0.2175999998144107
30,0.15,23,1.2,True,22,46,0.21669999978257692
30,0.15,23,1.5,True,24,33,0.16129999994518585
30,0.15,23,1.75,True,24,30,0.16209999967031763
30,0.15,23,2.0,True,24,30,0.1498000001447508
30,0.15,23,2.5,True,24,30,0.14939999982743757
30,0.15,23,3.0,True,26,29,0.15200000007098424
30,0.15,24,1.0,True,25,34,0.18629999976838008
30,0.15,24,1.1,True,25,34,0.16649999997753184
30,0.15,24,1.2,True,25,34,0.16670000013618846
30,0.15,24,1.5,True,25,34,0.17500000012660166
30,0.15,24,1.75,True,25,34,0.16820000018924475
30,0.15,24,2.0,True,25,34,0.16709999999875436
30,0.15,24,2.5,True,25,34,0.17729999990478973
30,0.15,24,3.0,True,29,32,0.15800000028320937
30,0.25,0,1.0,True,8,15,0.06979999989198404
30,0.25,0,1.1,True,8,15,0.0648999998702493
30,0.25,0,1.2,True,8,15,0.07240000013553072
30,0.25,0,1.5,True,8,15,0.07249999998748535
30,0.25,0,1.75,True,8,15,0.06410000014511752
30,0.25,0,2.0,True,8,15,0.06410000014511752
30,0.25,0,2.5,True,8,15,0.06409999969037017
30,0.25,0,3.0,True,8,17,0.07370000002993038
30,0.25,1,1.0,True,14,27,0.14240000018617138
30,0.25,1,1.1,True,14,27,0.12329999981375295
30,0.25,1,1.2,True,14,27,0.12180000021544402
30,0.25,1,1.5,True,16,19,0.08610000031694653
30,0.25,1,1.75,True,16,19,0.08619999971415382
30,0.25,1,2.0,True,16,17,0.08600000001024455
30,0.25,1,2.5,True,16,17,0.07820000018909923
30,0.25,1,3.0,True,16,17,0.07770000001983135
30,0.25,2,1.0,True,30,58,0.26769999976750114
30,0.25,2,1.1,True,30,57,0.25229999982911977
30,0.25,2,1.2,True,30,55,0.2459000002090761
30,0.25,2,1.5,True,32,43,0.2127000002474233
30,0.25,2,1.75,True,32,42,0.18950000003314926
30,0.25,2,2.0,True,32,41,0.1932999998643936
30,0.25,2,2.5,True,32,41,0.184100000296894
30,0.25,2,3.0,True,32,41,0.1872000002549612
30,0.25,3,1.0,True,30,92,0.45319999981074943
30,0.25,3,1.1,True,30,92,0.4555999998956395
30,0.25,3,1.2,True,30,97,0.6950000001779699
30,0.25,3,1.5,True,36,76,0.4957999999533058
30,0.25,3,1.75,True,36,59,0.5845999999110063
30,0.25,3,2.0,True,36,54,0.4334000000199012
30,0.25,3,2.5,True,36,52,0.31399999988934724
30,0.25,3,3.0,True,40,48,0.2647000001161359
30,0.25,4,1.0,True,36,98,0.5796999998892716
30,0.25,4,1.1,True,36,69,0.3880999997818435
30,0.25,4,1.2,True,36,47,0.2764000000752276
30,0.25,4,1.5,True,36,41,0.2318000001650944
30,0.25,4,1.75,True,36,40,0.25350000032631215
30,0.25,4,2.0,True,36,39,0.2210000002378365
30,0.25,4,2.5,True,36,39,0.24720000010347576
30,0.25,4,3.0,True,36,39,0.23000000010142685
30,0.25,5,1.0,True,14,15,0.0845999998091429
30,0.25,5,1.1,True,14,15,0.11279999989710632
30,0.25,5,1.2,True,14,15,0.07869999990361976
30,0.25,5,1.5,True,14,15,0.07810000033714459
30,0.25,5,1.75,True,14,15,0.07780000032653334
30,0.25,5,2.0,True,14,15,0.07809999988239724
30,0.25,5,2.5,True,14,15,0.07770000001983135
30,0.25,5,3.0,True,14,15,0.08579999985158793
30,0.25,6,1.0,True,27,77,0.4452999996829021
30,0.25,6,1.1,True,27,77,0.4505000001699955
30,0.25,6,1.2,True,27,84,0.46829999973851955
30,0.25,6,1.5,True,29,88,0.4656999999497202
30,0.25,6,1.75,True,33,77,0.43349999987185583
30,0.25,6,2.0,True,33,79,0.4088999999112275
30,0.25,6,2.5,True,33,77,0.41269999974247185
30,0.25,6,3.0,True,33,78,0.43110000024171313
30,0.25,7,1.0,True,21,36,0.22199999966687756
30,0.25,7,1.1,True,21,36,0.18939999972644728
30,0.25,7,1.2,True,21,29,0.17530000013721292
30,0.25,7,1.5,True,21,27,0.18729999965216848
30,0.25,7,1.75,True,21,26,0.1461000001654611
30,0.25,7,2.0,True,21,24,0.1382000000376138
30,0.25,7,2.5,True,21,24,0.16030000006139744
30,0.25,7,3.0,True,21,23,0.13989999979457934
30,0.25,8,1.0,True,29,193,1.0711999998420652
30,0.25,8,1.1,True,29,193,0.8374999997613486
30,0.25,8,1.2,True,29,176,0.7770999995955208
30,0.25,8,1.5,True,29,160,0.6911999998919782
30,0.25,8,1.75,True,31,123,0.5237999998826126
30,0.25,8,2.0,True,31,93,0.39740000011079246
30,0.25,8,2.5,True,31,87,0.3741999998965184
30,0.25,8,3.0,True,31,84,0.37940000038361177
30,0.25,9,1.0,True,7,8,0.04179999996267725
30,0.25,9,1.1,True,7,8,0.037600000268867007
30,0.25,9,1.2,True,7,8,0.0372999998035084
30,0.25,9,1.5,True,7,8,0.03680000008898787
30,0.25,9,1.75,True,7,8,0.036500000078376615
30,0.25,9,2.0,True,7,8,0.036699999782285886
30,0.25,9,2.5,True,7,8,0.03640000022642198
30,0.25,9,3.0,True,7,8,0.03659999993033125
30,0.25,10,1.0,True,8,12,0.05830000009154901
30,0.25,10,1.1,True,8,12,0.05409999994299142
30,0.25,10,1.2,True,8,12,0.05379999993238016
30,0.25,10,1.5,True,8,12,0.05379999993238016
30,0.25,10,1.75,True,8,12,0.053499999921768904
30,0.25,10,2.0,True,8,12,0.052999999752501026
30,0.25,10,2.5,True,8,12,0.05329999976311228
30,0.25,10,3.0,True,8,12,0.05310000005920301
30,0.25,11,1.0,True,22,59,0.2938999996331404
30,0.25,11,1.1,True,22,59,0.2868999999918742
30,0.25,11,1.2,True,22,63,0.2949999998236308
30,0.25,11,1.5,True,24,43,0.2021000000240747
30,0.25,11,1.75,True,26,39,0.18349999982092413
30,0.25,11,2.0,True,26,38,0.17929999967236654
30,0.25,11,2.5,True,26,36,0.1702999998087762
30,0.25,11,3.0,True,26,36,0.17139999999926658
30,0.25,12,1.0,True,34,84,0.3986000001532375
30,0.25,12,1.1,True,34,84,0.3861000000142667
30,0.25,12,1.2,True,36,62,0.29779999977108673
30,0.25,12,1.5,True,36,58,0.3054999997402774
30,0.25,12,1.75,True,36,58,0.2702000001590932
30,0.25,12,2.0,True,36,59,0.27210000007471535
30,0.25,12,2.5,True,36,60,0.2724000000853266
30,0.25,12,3.0,True,38,62,0.2808999997796491
30,0.25,13,1.0,True,30,161,0.7458000000042375
30,0.25,13,1.1,True,30,150,0.6834999999227875
30,0.25,13,1.2,True,30,90,0.40849999959391425
30,0.25,13,1.5,True,30,43,0.19109999993816018
30,0.25,13,1.75,True,30,42,0.3298999999969965
30,0.25,13,2.0,True,30,37,0.28549999979077256
30,0.25,13,2.5,True,30,37,0.173700000232202
30,0.25,13,3.0,True,30,36,0.16360000017812126
30,0.25,14,1.0,True,20,25,0.12040000001434237
30,0.25,14,1.1,True,20,25,0.11360000007698545
30,0.25,14,1.2,True,20,25,0.11709999989761855
30,0.25,14,1.5,True,20,25,0.11310000036246493
30,0.25,14,1.75,True,20,25,0.11210000002392917
30,0.25,14,2.0,True,20,25,0.11220000033063116
30,0.25,14,2.5,True,20,25,0.11199999971722718
30,0.25,14,3.0,True,20,25,0.11249999988649506
30,0.25,15,1.0,True,18,36,0.17369999977745465
30,0.25,15,1.1,True,18,36,0.1756999999997788
30,0.25,15,1.2,True,18,36,0.16559999994569807
30,0.25,15,1.5,True,18,35,0.16689999984009773
30,0.25,15,1.75,True,18,36,0.16649999997753184
30,0.25,15,2.0,True,22,29,0.13250000029074727
30,0.25,15,2.5,True,22,29,0.13239999998404528
30,0.25,15,3.0,True,22,28,0.1291999997192761
30,0.25,16,1.0,True,39,44,0.2413000001979526
30,0.25,16,1.1,True,39,44,0.22089999993113452
30,0.25,16,1.2,True,39,44,0.2210000002378365
30,0.25,16,1.5,True,39,44,0.22080000007917988
30,0.25,16,1.75,True,39,44,0.22619999981543515
30,0.25,16,2.0,True,39,44,0.22250000029089279
30,0.25,16,2.5,True,39,44,0.22130000024844776
30,0.25,16,3.0,True,39,44,0.2212999997937004
30,0.25,17,1.0,True,20,38,0.18409999984214664
30,0.25,17,1.1,True,20,38,0.1760999998623447
30,0.25,17,1.2,True,20,38,0.17660000003161258
30,0.25,17,1.5,True,20,39,0.17730000035953708
30,0.25,17,1.75,True,22,30,0.13910000006944756
30,0.25,17,2.0,True,22,28,0.13140000010025688
30,0.25,17,2.5,True,22,28,0.1314999999522115
30,0.25,17,3.0,True,22,27,0.12719999995169928
30,0.25,18,1.0,True,17,18,0.09399999999004649
30,0.25,18,1.1,True,17,18,0.08920000027501374
30,0.25,18,1.2,True,17,18,0.08800000023256871
30,0.25,18,1.5,True,17,18,0.09339999996882398
30,0.25,18,1.75,True,17,18,0.08829999978843261
30,0.25,18,2.0,True,17,18,0.0886999996509985
30,0.25,18,2.5,True,17,18,0.08829999978843261
30,0.25,18,3.0,True,17,18,0.08849999994708924
30,0.25,19,1.0,True,7,10,0.045000000227446435
30,0.25,19,1.1,True,7,10,0.04179999996267725
30,0.25,19,1.2,True,7,10,0.04129999979340937
30,0.25,19,1.5,True,7,10,0.041000000237545464
30,0.25,19,1.75,True,7,10,0.04080000007888884
30,0.25,19,2.0,True,7,10,0.04549999994196696
30,0.25,19,2.5,True,7,10,0.04059999992023222
30,0.25,19,3.0,True,7,10,0.04059999992023222
30,0.25,20,1.0,True,24,76,0.5292999999255699
30,0.25,20,1.1,True,24,76,0.3243000001020846
30,0.25,20,1.2,True,24,63,0.26729999990493525
30,0.25,20,1.5,True,24,44,0.21530000003622263
30,0.25,20,1.75,True,24,35,0.15399999983856105
30,0.25,20,2.0,True,24,31,0.14779999992242665
30,0.25,20,2.5,True,24,30,0.13239999998404528
30,0.25,20,3.0,True,24,29,0.13000000035390258
30,0.25,21,1.0,True,29,80,0.3795000002355664
30,0.25,21,1.1,True,29,80,0.7964999999785505
30,0.25,21,1.2,True,29,84,0.5243999999038351
30,0.25,21,1.5,True,31,90,0.5372999999053718
30,0.25,21,1.75,True,37,69,0.4262000002199784
30,0.25,21,2.0,True,37,57,0.2615000003061141
30,0.25,21,2.5,True,37,57,0.2509000000827655
30,0.25,21,3.0,True,41,56,0.24750000011408702
30,0.25,22,1.0,True,10,11,0.057700000070326496
30,0.25,22,1.1,True,10,11,0.05329999976311228
30,0.25,22,1.2,True,10,11,0.05230000033407123
30,0.25,22,1.5,True,10,11,0.051900000016757986
30,0.25,22,1.75,True,10,11,0.06050000001778244
30,0.25,22,2.0,True,10,11,0.05210000017541461
30,0.25,22,2.5,True,10,11,0.05199999986871262
30,0.25,22,3.0,True,10,11,0.05229999987932388
30,0.25,23,1.0,True,7,11,0.049700000090524554
30,0.25,23,1.1,True,7,11,0.0463000001218461
30,0.25,23,1.2,True,7,11,0.04570000010062358
30,0.25,23,1.5,True,7,11,0.04540000009001233
30,0.25,23,1.75,True,7,11,0.045399999635264976
30,0.25,23,2.0,True,7,11,0.045200000386103056
30,0.25,23,2.5,True,7,11,0.045399999635264976
30,0.25,23,3.0,True,7,12,0.05029999965699972
30,0.25,24,1.0,True,10,11,0.058399999943503644
30,0.25,24,1.1,True,10,11,0.05430000010164804
30,0.25,24,1.2,True,10,11,0.053899999784334796
30,0.25,24,1.5,True,10,11,0.053900000239082146
30,0.25,24,1.75,True,10,11,0.053200000365905
30,0.25,24,2.0,True,10,11,0.05330000021785963
30,0.25,24,2.5,True,10,11,0.062199999774747994
30,0.25,24,3.0,True,10,11,0.053700000080425525
50,0.15,0,1.0,True,29,30,0.19420000035097473
50,0.15,0,1.1,True,29,30,0.1615999999557971
50,0.15,0,1.2,True,29,30,0.1623000002837216
50,0.15,0,1.5,True,29,30,0.16340000001946464
50,0.15,0,1.75,True,29,30,0.16010000035748817
50,0.15,0,2.0,True,29,30,0.16079999977591797
50,0.15,0,2.5,True,29,30,0.17179999986183248
50,0.15,0,3.0,True,29,30,0.16080000023066532
50,0.15,1,1.0,True,22,26,0.14280000004873727
50,0.15,1,1.1,True,22,26,0.14259999989008065
50,0.15,1,1.2,True,22,26,0.13600000011138036
50,0.15,1,1.5,True,22,26,0.14110000029177172
50,0.15,1,1.75,True,22,26,0.1909000002342509
50,0.15,1,2.0,True,22,26,0.1420000003236055
50,0.15,1,2.5,True,22,26,0.13159999980416615
50,0.15,1,3.0,True,24,25,0.12729999980365392
50,0.15,2,1.0,True,16,19,0.10750000001280569
50,0.15,2,1.1,True,16,19,0.09369999997943523
50,0.15,2,1.2,True,16,19,0.09240000008503557
50,0.15,2,1.5,True,16,19,0.09219999992637895
50,0.15,2,1.75,True,16,19,0.09170000021185842
50,0.15,2,2.0,True,16,19,0.0918999999157677
50,0.15,2,2.5,True,16,19,0.09240000008503557
50,0.15,2,3.0,True,16,19,0.0915000000532018
50,0.15,3,1.0,True,52,146,0.8173000001079345
50,0.15,3,1.1,True,54,69,0.3799000000981323
50,0.15,3,1.2,True,54,63,0.3550000001268927
50,0.15,3,1.5,True,56,58,0.3287999998065061
50,0.15,3,1.75,True,56,58,0.33889999986058683
50,0.15,3,2.0,True,56,58,0.3302999998595624
50,0.15,3,2.5,True,56,58,0.32659999988027266
50,0.15,3,3.0,True,56,58,0.32730000020819716
50,0.15,4,1.0,True,28,76,0.4029000001537497
50,0.15,4,1.1,True,28,76,0.37290000000211876
50,0.15,4,1.2,True,28,36,0.1747000001159904
50,0.15,4,1.5,True,28,31,0.15819999998711864
50,0.15,4,1.75,True,28,31,0.1536999998279498
50,0.15,4,2.0,True,28,31,0.15250000024025212
50,0.15,4,2.5,True,28,31,0.15310000026147463
50,0.15,4,3.0,True,28,30,0.1471000000492495
50,0.15,5,1.0,True,46,84,0.5894000000807864
50,0.15,5,1.1,True,46,84,0.5550000000766886
50,0.15,5,1.2,True,48,60,0.4358999999567459
50,0.15,5,1.5,True,48,51,0.38600000016231206
50,0.15,5,1.75,True,48,51,0.3682999999909953
50,0.15,5,2.0,True,48,51,0.282599999991362
50,0.15,5,2.5,True,48,51,0.27619999991657096
50,0.15,5,3.0,True,48,51,0.3052000001844135
50,0.15,6,1.0,True,28,40,0.2399999998488056
50,0.15,6,1.1,True,28,40,0.2106000001731445
50,0.15,6,1.2,True,28,40,0.22219999982553418
50,0.15,6,1.5,True,30,36,0.18809999983204762
50,0.15,6,1.75,True,30,36,0.19160000010742806
50,0.15,6,2.0,True,32,34,0.17829999978857813
50,0.15,6,2.5,True,32,34,0.1913000000968168
50,0.15,6,3.0,True,32,34,0.20250000034138793
50,0.15,7,1.0,True,36,80,0.43830000004163594
50,0.15,7,1.1,True,36,80,0.41760000021895394
50,0.15,7,1.2,True,38,46,0.23740000006000628
50,0.15,7,1.5,True,38,46,0.2524999999877764
50,0.15,7,1.75,True,40,43,0.2223999999841908
50,0.15,7,2.0,True,40,43,0.23740000006000628
50,0.15,7,2.5,True,40,43,0.2189000001635577
50,0.15,7,3.0,True,40,42,0.2134999999725551
50,0.15,8,1.0,True,76,946,5.2770000002055895
50,0.15,8,1.1,True,76,160,0.8536999998796091
50,0.15,8,1.2,True,76,152,0.7545999997091712
50,0.15,8,1.5,True,82,99,0.517000000400003
50,0.15,8,1.75,True,82,97,0.5007999998269952
50,0.15,8,2.0,True,82,95,0.48000000015235855
50,0.15,8,2.5,True,82,95,0.4861000002165383
50,0.15,8,3.0,True,82,93,0.4687000000558328
50,0.15,9,1.0,True,50,132,0.698499999998603
50,0.15,9,1.1,True,52,104,0.5195000003368477
50,0.15,9,1.2,True,52,90,0.4619000001184759
50,0.15,9,1.5,True,54,78,0.40149999995264807
50,0.15,9,1.75,True,54,77,0.38600000016231206
50,0.15,9,2.0,True,56,77,0.3919000000678352
50,0.15,9,2.5,True,56,77,0.37960000008752104
50,0.15,9,3.0,True,56,79,0.39680000008956995
50,0.15,10,1.0,True,56,167,0.8726000000933709
50,0.15,10,1.1,True,58,102,0.5256999997982348
50,0.15,10,1.2,True,60,84,0.4237000002831337
50,0.15,10,1.5,True,62,73,0.3780000001825101
50,0.15,10,1.75,True,62,72,0.3689999998641724
50,0.15,10,2.0,True,62,72,0.44250000019019353
50,0.15,10,2.5,True,62,72,0.5218999999669904
50,0.15,10,3.0,True,64,71,0.3619000003709516
50,0.15,11,1.0,True,16,24,0.12520000018412247
50,0.15,11,1.1,True,16,24,0.11630000017248676
50,0.15,11,1.2,True,16,24,0.11610000001383014
50,0.15,11,1.5,True,16,24,0.11630000017248676
50,0.15,11,1.75,True,16,24,0.12319999996179831
50,0.15,11,2.0,True,18,22,0.1081000000340282
50,0.15,11,2.5,True,18,22,0.10780000002341694
50,0.15,11,3.0,True,18,21,0.11300000005576294
50,0.15,12,1.0,True,26,40,0.20399999993969686
50,0.15,12,1.1,True,26,40,0.18989999989571515
50,0.15,12,1.2,True,26,34,0.16419999974459643
50,0.15,12,1.5,True,26,33,0.16730000015741098
50,0.15,12,1.75,True,26,32,0.1557999999022286
50,0.15,12,2.0,True,26,31,0.15060000032462995
50,0.15,12,2.5,True,26,31,0.15070000017658458
50,0.15,12,3.0,True,26,30,0.14680000003863825
50,0.15,13,1.0,True,26,44,0.28029999975842657
50,0.15,13,1.1,True,26,44,0.22579999995286926
50,0.15,13,1.2,True,26,44,0.2264999998260464
50,0.15,13,1.5,True,28,34,0.18150000005334732
50,0.15,13,1.75,True,28,34,0.18150000005334732
50,0.15,13,2.0,True,30,32,0.17240000033780234
50,0.15,13,2.5,True,30,32,0.1720000000204891
50,0.15,13,3.0,True,30,32,0.18150000005334732
50,0.15,14,1.0,True,48,188,0.9330000002591987
50,0.15,14,1.1,True,48,141,0.6766999999854306
50,0.15,14,1.2,True,48,165,0.797099999999773
50,0.15,14,1.5,True,58,69,0.37440000005517504
50,0.15,14,1.75,True,58,68,0.34080000023095636
50,0.15,14,2.0,True,58,66,0.32980000014504185
50,0.15,14,2.5,True,58,65,0.33960000018851133
50,0.15,14,3.0,True,58,64,0.32460000011269585
50,0.15,15,1.0,True,30,44,0.2367999995840364
50,0.15,15,1.1,True,30,44,0.22480000006908085
50,0.15,15,1.2,True,30,42,0.2164999996239203
50,0.15,15,1.5,True,32,38,0.19659999998111743
50,0.15,15,1.75,True,32,38,0.19729999985429458
50,0.15,15,2.0,True,34,36,0.189200000022538
50,0.15,15,2.5,True,34,36,0.18869999985327013
50,0.15,15,3.0,True,34,36,0.1884999996946135
50,0.15,16,1.0,True,34,54,0.2870999996957835
50,0.15,16,1.1,True,34,54,0.27730000010706135
50,0.15,16,1.2,True,34,54,0.2777000004243746
50,0.15,16,1.5,True,36,37,0.1984999998967396
50,0.15,16,1.75,True,36,37,0.19859999974869424
50,0.15,16,2.0,True,36,37,0.20290000020395382
50,0.15,16,2.5,True,36,37,0.19780000002356246
50,0.15,16,3.0,True,36,37,0.1978999998755171
50,0.15,17,1.0,True,39,55,0.28870000005554175
50,0.15,17,1.1,True,39,55,0.27650000038192957
50,0.15,17,1.2,True,39,55,0.27790000012828386
50,0.15,17,1.5,True,41,45,0.23989999999685097
50,0.15,17,1.75,True,41,45,0.2328000000488828
50,0.15,17,2.0,True,41,45,0.2326999997421808
50,0.15,17,2.5,True,41,45,0.2700999998523912
50,0.15,17,3.0,True,41,44,0.23160000000643777
50,0.15,18,1.0,True,36,44,0.26939999997921404
50,0.15,18,1.1,True,36,44,0.246300000071642
50,0.15,18,1.2,True,36,44,0.24720000010347576
50,0.15,18,1.5,True,36,44,0.2470000003995665
50,0.15,18,1.75,True,36,44,0.25030000006154296
50,0.15,18,2.0,True,36,44,0.24699999994481914
50,0.15,18,2.5,True,36,44,0.24849999999787542
50,0.15,18,3.0,True,38,43,0.25279999999838765
50,0.15,19,1.0,True,13,17,0.08800000023256871
50,0.15,19,1.1,True,13,17,0.08350000007339986
50,0.15,19,1.2,True,13,17,0.08269999989352073
50,0.15,19,1.5,True,13,17,0.08209999987229821
50,0.15,19,1.75,True,13,17,0.08299999990413198
50,0.15,19,2.0,True,13,17,0.08960000013757963
50,0.15,19,2.5,True,13,17,0.08290000005217735
50,0.15,19,3.0,True,13,17,0.08270000034826808
50,0.15,20,1.0,True,29,30,0.18209999961982248
50,0.15,20,1.1,True,29,30,0.16729999970266363
50,0.15,20,1.2,True,29,30,0.16649999997753184
50,0.15,20,1.5,True,29,30,0.1674000000093656
50,0.15,20,1.75,True,29,30,0.16689999984009773
50,0.15,20,2.0,True,29,30,0.1674000000093656
50,0.15,20,2.5,True,29,30,0.17019999995682156
50,0.15,20,3.0,True,29,30,0.16699999969205237
50,0.15,21,1.0,True,38,60,0.3179999998792482
50,0.15,21,1.1,True,38,60,0.3057000003536814
50,0.15,21,1.2,True,38,60,0.304499999856489
50,0.15,21,1.5,True,40,50,0.2708000001803157
50,0.15,21,1.75,True,40,50,0.26440000010552467
50,0.15,21,2.0,True,40,46,0.24080000002868474
50,0.15,21,2.5,True,40,46,0.27690000024449546
50,0.15,21,3.0,True,40,46,0.23559999999633874
50,0.15,22,1.0,True,5,6,0.033200000416400144
50,0.15,22,1.1,True,5,6,0.0289999998130952
50,0.15,22,1.2,True,5,6,0.028200000087963417
50,0.15,22,1.5,True,5,6,0.028200000087963417
50,0.15,22,1.75,True,5,6,0.02809999978126143
50,0.15,22,2.0,True,5,6,0.02790000007735216
50,0.15,22,2.5,True,5,6,0.02769999991869554
50,0.15,22,3.0,True,5,6,0.02790000007735216
50,0.15,23,1.0,True,36,37,0.2065999997284962
50,0.15,23,1.1,True,36,37,0.20220000033077667
50,0.15,23,1.2,True,36,37,0.19530000008671777
50,0.15,23,1.5,True,36,37,0.1961000002665969
50,0.15,23,1.75,True,36,37,0.24819999998726416
50,0.15,23,2.0,True,36,37,0.1963999998224608
50,0.15,23,2.5,True,36,37,0.19530000008671777
50,0.15,23,3.0,True,36,37,0.1968999999917287
50,0.15,24,1.0,True,59,62,0.3556000001481152
50,0.15,24,1.1,True,59,62,0.36539999973683734
50,0.15,24,1.2,True,59,62,0.3363000000717875
50,0.15,24,1.5,True,59,62,0.3431000000091444
50,0.15,24,1.75,True,59,62,0.3351999998812971
50,0.15,24,2.0,True,59,62,0.35049999996772385
50,0.15,24,2.5,True,59,62,0.33540000003995374
50,0.15,24,3.0,True,59,62,0.34430000005158945
50,0.25,0,1.0,True,24,96,0.4453999999896041
50,0.25,0,1.1,True,24,96,0.4857999997511797
50,0.25,0,1.2,True,24,90,0.40769999986878247
50,0.25,0,1.5,True,24,75,0.3277999999227177
50,0.25,0,1.75,True,24,79,0.3571000002011715
50,0.25,0,2.0,True,24,85,0.3727999996954168
50,0.25,0,2.5,True,24,86,0.3842000000986445
50,0.25,0,3.0,True,24,89,0.3990000000158034
50,0.25,1,1.0,True,9,14,0.08019999995667604
50,0.25,1,1.1,True,9,14,0.06900000016685226
50,0.25,1,1.2,True,9,14,0.06759999996575061
50,0.25,1,1.5,True,9,14,0.06719999964843737
50,0.25,1,1.75,True,9,14,0.0669999999445281
50,0.25,1,2.0,True,9,14,0.06720000010318472
50,0.25,1,2.5,True,9,14,0.0669999999445281
50,0.25,1,3.0,True,11,13,0.0625000002401066
50,0.25,2,1.0,True,22,65,0.30860000015309197
50,0.25,2,1.1,True,22,65,0.2944000002571556
50,0.25,2,1.2,True,22,53,0.24570000005041948
50,0.25,2,1.5,True,22,33,0.1602000002094428
50,0.25,2,1.75,True,22,30,0.1420000003236055
50,0.25,2,2.0,True,22,27,0.13159999980416615
50,0.25,2,2.5,True,22,26,0.1276999996662198
50,0.25,2,3.0,True,22,23,0.11620000032053213
50,0.25,3,1.0,True,2,3,0.017300000308750896
50,0.25,3,1.1,True,2,3,0.014399999599845614
50,0.25,3,1.2,True,2,3,0.013899999885325087
50,0.25,3,1.5,True,2,3,0.013299999864102574
50,0.25,3,1.75,True,2,3,0.013500000022759195
50,0.25,3,2.0,True,2,3,0.013300000318849925
50,0.25,3,2.5,True,2,3,0.013300000318849925
50,0.25,3,3.0,True,2,3,0.012999999853491317
50,0.25,4,1.0,True,38,49,0.24560000019846484
50,0.25,4,1.1,True,38,49,0.23470000041925232
50,0.25,4,1.2,True,38,49,0.23289999990083743
50,0.25,4,1.5,True,38,49,0.2324000001863169
50,0.25,4,1.75,True,38,49,0.2324000001863169
50,0.25,4,2.0,True,40,47,0.2245000000584696
50,0.25,4,2.5,True,40,47,0.22360000002663583
50,0.25,4,3.0,True,40,47,0.22399999988920172
50,0.25,5,1.0,True,34,35,0.1864999999270367
50,0.25,5,1.1,True,34,35,0.1791999998204119
50,0.25,5,1.2,True,34,35,0.20610000001397566
50,0.25,5,1.5,True,34,35,0.2627000003485591
50,0.25,5,1.75,True,34,35,0.25860000005195616
50,0.25,5,2.0,True,34,35,0.263100000211125
50,0.25,5,2.5,True,34,35,0.26130000014745747
50,0.25,5,3.0,True,34,35,0.2735999996730243
50,0.25,6,1.0,True,36,85,0.3936999996767554
50,0.25,6,1.1,True,36,85,0.3934999999728461
50,0.25,6,1.2,True,36,70,0.323999999636726
50,0.25,6,1.5,True,38,58,0.2727999999478925
50,0.25,6,1.75,True,38,57,0.27000000000043656
50,0.25,6,2.0,True,38,46,0.22320000016406993
50,0.25,6,2.5,True,38,46,0.21710000009989017
50,0.25,6,3.0,True,38,46,0.2175999998144107
50,0.25,7,1.0,True,19,45,0.21379999998316634
50,0.25,7,1.1,True,19,45,0.20599999970727367
50,0.25,7,1.2,True,21,34,0.15079999957379187
50,0.25,7,1.5,True,21,24,0.11130000029879739
50,0.25,7,1.75,True,21,24,0.11080000012952951
50,0.25,7,2.0,True,21,24,0.1111999999920954
50,0.25,7,2.5,True,21,24,0.11110000014014076
50,0.25,7,3.0,True,21,24,0.1104999996641709
50,0.25,8,1.0,True,3,4,0.02099999983329326
50,0.25,8,1.1,True,3,4,0.017899999875226058
50,0.25,8,1.2,True,3,4,0.017500000012660166
50,0.25,8,1.5,True,3,4,0.01740000016070553
50,0.25,8,1.75,True,3,4,0.01720000000204891
50,0.25,8,2.0,True,3,4,0.01699999984339229
50,0.25,8,2.5,True,3,4,0.016899999991437653
50,0.25,8,3.0,True,3,4,0.01720000000204891
50,0.25,9,1.0,True,60,328,1.598099999682745
50,0.25,9,1.1,True,60,177,0.8779999998296262
50,0.25,9,1.2,True,60,82,0.3907000000253902
50,0.25,9,1.5,True,60,71,0.3409999999348656
50,0.25,9,1.75,True,60,65,0.3316000002087094
50,0.25,9,2.0,True,60,63,0.30850000030113733
50,0.25,9,2.5,True,60,63,0.31519999993179226
50,0.25,9,3.0,True,60,63,0.30839999999443535
50,0.25,10,1.0,True,27,53,0.2505000002201996
50,0.25,10,1.1,True,27,53,0.23680000003878376
50,0.25,10,1.2,True,27,38,0.17949999983102316
50,0.25,10,1.5,True,27,33,0.1664000001255772
50,0.25,10,1.75,True,27,32,0.14750000036656274
50,0.25,10,2.0,True,27,32,0.14740000005986076
50,0.25,10,2.5,True,27,32,0.14699999974254752
50,0.25,10,3.0,True,27,31,0.14420000024983892
50,0.25,11,1.0,True,18,29,0.1586000003044319
50,0.25,11,1.1,True,18,29,0.1430000002073939
50,0.25,11,1.2,True,18,29,0.14179999971020152
50,0.25,11,1.5,True,18,26,0.1295000001846347
50,0.25,11,1.75,True,18,25,0.12670000023717876
50,0.25,11,2.0,True,18,25,0.1260999997612089
50,0.25,11,2.5,True,18,25,0.12549999973998638
50,0.25,11,3.0,True,18,24,0.12329999981375295
50,0.25,12,1.0,True,21,25,0.12500000002546585
50,0.25,12,1.1,True,21,25,0.11999999969702912
50,0.25,12,1.2,True,21,25,0.1191000001199427
50,0.25,12,1.5,True,21,25,0.11859999995067483
50,0.25,12,1.75,True,21,25,0.11880000010933145
50,0.25,12,2.0,True,21,25,0.11900000026798807
50,0.25,12,2.5,True,21,25,0.11840000024676556
50,0.25,12,3.0,True,21,25,0.1183999997920182
50,0.25,13,1.0,True,18,19,0.09679999993750243
50,0.25,13,1.1,True,18,19,0.09210000007442432
50,0.25,13,1.2,True,18,19,0.09129999989454518
50,0.25,13,1.5,True,18,19,0.09120000004259055
50,0.25,13,1.75,True,18,19,0.09109999973588856
50,0.25,13,2.0,True,18,19,0.09090000003197929
50,0.25,13,2.5,True,18,19,0.14449999980570283
50,0.25,13,3.0,True,18,19,0.09139999974649982
50,0.25,14,1.0,True,26,38,0.18249999993713573
50,0.25,14,1.1,True,26,38,0.49000000035448465
50,0.25,14,1.2,True,26,38,0.2760000002126617
50,0.25,14,1.5,True,30,35,0.1488999996581697
50,0.25,14,1.75,True,30,35,0.1484999997956038
50,0.25,14,2.0,True,30,35,0.14899999996487168
50,0.25,14,2.5,True,30,35,0.147800000377174
50,0.25,14,3.0,True,30,35,0.1619000004211557
50,0.25,15,1.0,True,53,308,1.4154999998936546
50,0.25,15,1.1,True,53,274,1.228999999966618
50,0.25,15,1.2,True,53,153,0.6935999999768683
50,0.25,15,1.5,True,53,67,0.33450000000811997
50,0.25,15,1.75,True,53,63,0.30839999999443535
50,0.25,15,2.0,True,53,62,0.304499999856489
50,0.25,15,2.5,True,53,62,0.31709999984741444
50,0.25,15,3.0,True,53,60,0.29739999990852084
50,0.25,16,1.0,True,18,19,0.10030000021288288
50,0.25,16,1.1,True,18,19,0.09900000031848322
50,0.25,16,1.2,True,18,19,0.09470000031797099
50,0.25,16,1.5,True,18,19,0.09349999982077861
50,0.25,16,1.75,True,18,19,0.09339999996882398
50,0.25,16,2.0,True,18,19,0.09339999996882398
50,0.25,16,2.5,True,18,19,0.09369999997943523
50,0.25,16,3.0,True,18,19,0.0936000001274806
50,0.25,17,1.0,True,30,84,0.3759000001082313
50,0.25,17,1.1,True,30,84,0.37019999990661745
50,0.25,17,1.2,True,30,69,0.4062999996676808
50,0.25,17,1.5,True,30,56,0.33009999970090576
50,0.25,17,1.75,True,30,55,0.3157999999530148
50,0.25,17,2.0,True,30,55,0.31990000024961773
50,0.25,17,2.5,True,30,55,0.32090000013340614
50,0.25,17,3.0,True,34,50,0.3009000001839013
50,0.25,18,1.0,True,63,167,0.8369999995920807
50,0.25,18,1.1,True,65,127,0.5909999999857973
50,0.25,18,1.2,True,65,143,0.6658000002062181
50,0.25,18,1.5,True,73,95,0.4422000001795823
50,0.25,18,1.75,True,73,87,0.4090000002179295
50,0.25,18,2.0,True,73,86,0.40820000003805035
50,0.25,18,2.5,True,73,86,0.40339999986827024
50,0.25,18,3.0,True,73,82,0.38829999994050013
50,0.25,19,1.0,True,42,85,0.41539999983797316
50,0.25,19,1.1,True,42,55,0.2692000002753048
50,0.25,19,1.2,True,42,46,0.23009999995338148
50,0.25,19,1.5,True,42,43,0.22289999969871133
50,0.25,19,1.75,True,42,43,0.4083999997419596
50,0.25,19,2.0,True,42,43,0.4205000000183645
50,0.25,19,2.5,True,42,43,0.28810000003431924
50,0.25,19,3.0,True,42,43,0.30490000017380225
50,0.25,20,1.0,True,40,141,0.6395999998858315
50,0.25,20,1.1,True,40,141,0.6326000002445653
50,0.25,20,1.2,True,42,109,0.45499999987441697
50,0.25,20,1.5,True,42,105,0.48389999983555754
50,0.25,20,1.75,True,42,110,0.47110000014072284
50,0.25,20,2.0,True,44,111,0.4731999997602543
50,0.25,20,2.5,True,44,111,0.47059999997145496
50,0.25,20,3.0,True,44,113,0.4712999998446321
50,0.25,21,1.0,True,26,32,0.1661999999669206
50,0.25,21,1.1,True,26,32,0.1548000000184402
50,0.25,21,1.2,True,26,32,0.15310000026147463
50,0.25,21,1.5,True,26,32,0.15319999965868192
50,0.25,21,1.75,True,26,32,0.1534000002720859
50,0.25,21,2.0,True,26,32,0.1536000004307425
50,0.25,21,2.5,True,26,32,0.15399999983856105
50,0.25,21,3.0,True,28,31,0.1560000000608852
50,0.25,22,1.0,True,12,13,0.07020000020929729
50,0.25,22,1.1,True,12,13,0.06630000007135095
50,0.25,22,1.2,True,12,13,0.06579999990208307
50,0.25,22,1.5,True,12,13,0.06500000017695129
50,0.25,22,1.75,True,12,13,0.06510000002890592
50,0.25,22,2.0,True,12,13,0.06549999989147182
50,0.25,22,2.5,True,12,13,0.06509999957415857
50,0.25,22,3.0,True,12,13,0.06480000001829467
50,0.25,23,1.0,True,40,169,0.819100000171602
50,0.25,23,1.1,True,40,155,0.9361000002172659
50,0.25,23,1.2,True,40,130,0.6044000001566019
50,0.25,23,1.5,True,40,93,0.4235000001244771
50,0.25,23,1.75,True,42,67,0.30700000024808105
50,0.25,23,2.0,True,44,61,0.2792000000226835
50,0.25,23,2.5,True,44,61,0.2783999998428044
50,0.25,23,3.0,True,46,56,0.2578000003268244
50,0.25,24,1.0,True,32,78,0.3484999997453997
50,0.25,24,1.1,True,32,78,0.3381999999874097
50,0.25,24,1.2,True,32,78,0.3381999999874097
50,0.25,24,1.5,True,32,72,0.31220000028042705
50,0.25,24,1.75,True,32,72,0.3127999998469022
50,0.25,24,2.0,True,32,66,0.2965000003314344
50,0.25,24,2.5,True,32,62,0.273399999969115
50,0.25,24,3.0,True,32,61,0.27329999966241303
